tm,year,attendance,attend_per_game,batage,page,bpf,ppf,n_hof,n_aallstars,n_a_ta_s,est_payroll,time,managers,NA,NA.1,NA.2,rk,lg,g,w,l,wins_losses,r,ra,rdiff,sos,srs,pythwl,luck,home,road,exinn,1run,vrhp,vlhp,vs_teams_above_500,vs_teams_below_500,inter,last_year
ANA,2000,2066982,25518,27.7,28.9,102,102,0,2,12,52664167.0,3:05,Scioscia,,,,15,AL,162,82,80,0.506,5.3,5.4,0.0,0.1,0.1,81-81,1,46-35,36-45,9-7,32-23,61-55,21-25,42-49,40-31,12-6,1999
ANA,2001,2000919,24703,28.0,28.9,101,100,0,2,7,47735167.0,2:57,Scioscia,,,,20,AL,162,75,87,0.463,4.3,4.5,-0.2,0.2,0.0,77-85,-2,39-42,36-45,7-8,24-24,53-60,22-27,37-55,38-32,10-8,2000
ANA,2002,2305547,28464,28.5,30.2,100,99,0,1,11,61721667.0,2:59,Scioscia,,,,4,AL,162,99,63,0.611,5.3,4.0,1.3,0.1,1.3,101-61,-2,54-27,45-36,10-5,31-22,69-47,30-16,38-42,61-21,11-7,2001
ANA,2003,3061094,37330,29.1,29.0,98,97,0,3,12,79031667.0,2:47,Scioscia,,,,19,AL,162,77,85,0.475,4.5,4.6,0.0,0.1,0.0,80-82,-3,45-37,32-48,2-4,16-20,49-59,28-26,48-58,29-27,11-7,2002
ANA,2004,3375677,41675,28.9,29.0,97,96,0,2,15,100534667.0,2:52,Scioscia,,,,6,AL,162,92,70,0.568,5.2,4.5,0.6,0.1,0.7,91-71,1,45-36,47-34,4-6,19-21,58-53,34-17,43-43,49-27,7-11,2003
ARI,2000,2942251,36324,30.8,31.6,104,103,1,2,13,81027833.0,2:54,Showalter,,,,13,NL,162,85,77,0.525,4.9,4.7,0.2,0.0,0.2,85-77,0,47-34,38-43,5-8,22-27,62-60,23-17,36-46,49-31,6-9,1999
ARI,2001,2736451,33783,31.9,30.9,108,107,1,3,14,85082999.0,2:58,Brenly,,,,6,NL,162,92,70,0.568,5.0,4.2,0.9,0.1,1.0,95-67,-3,48-33,44-37,9-6,23-25,67-54,25-16,42-43,50-27,7-8,2000
ARI,2002,3198977,39494,31.7,31.7,111,110,1,6,14,102819999.0,2:59,Brenly,,,,5,NL,162,98,64,0.605,5.1,4.2,0.9,-0.1,0.8,95-67,3,55-26,43-38,9-3,23-20,70-42,28-22,33-35,65-29,11-7,2001
ARI,2003,2805542,34636,30.6,29.2,108,109,1,1,17,80657000.0,2:52,Brenly,,,,16,NL,162,84,78,0.518,4.4,4.2,0.2,-0.1,0.1,84-78,0,45-36,39-42,8-8,30-25,57-57,27-21,43-48,41-30,11-4,2002
ARI,2004,2519560,31106,28.9,29.3,105,106,2,1,10,69780750.0,2:46,Brenly and Pedrique,,,,30,NL,162,51,111,0.315,3.8,5.5,-1.8,0.0,-1.7,54-108,-3,29-52,22-59,6-8,15-31,38-70,13-41,30-70,21-41,6-12,2003
ARI,2005,2059424,25425,30.3,27.4,103,104,0,1,10,62629166.0,2:56,Melvin,,,,20,NL,162,77,85,0.475,4.3,5.3,-1.0,-0.4,-1.4,66-96,11,36-45,41-40,8-7,28-18,59-62,18-23,31-48,46-37,8-10,2004
ARI,2006,2091685,25823,29.6,28.8,105,105,0,1,14,59984226.0,2:52,Melvin,,,,23,NL,162,76,86,0.469,4.8,4.9,-0.1,-0.3,-0.3,80-82,-4,39-42,37-44,7-5,22-26,55-67,21-19,31-41,45-45,4-11,2005
ARI,2007,2325249,28707,26.6,28.2,107,107,1,3,13,52067546.0,2:53,Melvin,,,,5,NL,162,90,72,0.556,4.4,4.5,-0.1,-0.2,-0.3,79-83,11,50-31,40-41,8-6,32-20,62-55,28-17,45-47,45-25,8-7,2006
ARI,2008,2509924,30987,26.7,29.4,107,107,1,2,11,66202712.0,2:52,Melvin,,,,16,NL,162,82,80,0.506,4.4,4.4,0.1,-0.5,-0.4,82-80,0,48-33,34-47,4-6,22-23,54-60,28-20,28-44,54-36,6-9,2007
ARI,2009,2128765,26281,26.5,27.7,105,106,0,2,10,75920666.0,2:56,Melvin and Hinch,,,,25,NL,162,70,92,0.432,4.4,4.8,-0.4,-0.1,-0.5,75-87,-5,36-45,34-47,10-5,20-27,53-62,17-30,35-61,35-31,5-10,2008
ARI,2010,2056697,25391,26.8,27.9,105,105,0,1,8,61368166.0,2:58,Hinch and Gibson,,,,28,NL,162,65,97,0.401,4.4,5.2,-0.8,0.1,-0.7,69-93,-4,40-41,25-56,5-8,19-23,46-65,19-32,39-59,26-38,6-9,2009
ARI,2011,2105432,25993,28.2,27.4,103,103,0,2,12,54823166.0,2:53,Gibson,,,,6,NL,162,94,68,0.58,4.5,4.1,0.4,-0.2,0.2,88-74,6,51-30,43-38,9-4,28-16,70-44,24-24,32-32,62-36,10-8,2010
ARI,2012,2177617,26884,28.3,27.4,103,103,0,1,11,67069833.0,2:58,Gibson,,,,16,NL,162,81,81,0.5,4.5,4.2,0.3,-0.2,0.1,86-76,-5,41-40,40-41,3-4,15-27,49-50,32-31,38-45,43-36,9-6,2011
ARI,2013,2134895,26357,28.1,27.6,102,103,0,2,9,80060500.0,3:08,Gibson,,,,16,NL,162,81,81,0.5,4.2,4.3,-0.1,-0.1,-0.2,80-82,1,45-36,36-45,17-8,34-21,56-58,25-23,34-34,47-47,11-9,2012
ARI,2014,2073730,25602,27.6,28.0,102,102,0,2,9,89926500.0,3:03,Gibson and Trammell,37.0,19.0,51%,30,NL,162,64,98,0.395,3.8,4.6,-0.8,-0.1,-0.9,67-95,-3,33-48,31-50,10-6,23-30,49-73,15-25,21-54,43-44,7-13,2013
ATL,2000,3234304,39930,30.7,31.4,100,99,2,5,19,84737836.0,2:54,Cox,,,,4,NL,162,95,67,0.586,5.0,4.4,0.6,-0.2,0.4,90-72,5,51-30,44-37,3-5,18-18,74-53,21-14,42-33,53-34,11-7,1999
ATL,2001,2823530,34858,30.3,31.1,103,102,3,2,17,91936166.0,2:53,Cox,,,,9,NL,162,88,74,0.543,4.5,4.0,0.5,-0.2,0.4,90-72,-2,40-41,48-33,8-8,19-23,70-65,18-9,43-42,45-32,9-9,2000
ATL,2002,2603484,32142,30.6,31.1,102,101,3,4,15,93470367.0,2:58,Cox,,,,3,NL,161,101,59,0.631,4.4,3.5,0.9,-0.1,0.8,96-64,5,52-28,49-31,7-8,28-17,87-50,14-9,39-22,62-37,15-3,2001
ATL,2003,2401084,29643,30.3,31.1,101,100,2,7,17,106243667.0,2:54,Cox,,,,2,NL,162,101,61,0.624,5.6,4.6,1.0,0.0,1.1,96-66,5,55-26,46-35,7-10,17-25,77-48,24-13,57-43,44-18,10-5,2002
ATL,2004,2327565,28735,28.9,30.1,101,99,1,1,11,90182500.0,2:50,Cox,,,,4,NL,162,96,66,0.593,5.0,4.1,0.8,-0.1,0.7,95-67,1,49-32,47-34,7-8,27-17,62-47,34-19,46-36,50-30,8-10,2003
ATL,2005,2521167,31126,28.1,28.6,101,100,1,2,13,86457302.0,2:46,Cox,,,,7,NL,162,90,72,0.556,4.7,4.2,0.6,-0.1,0.5,91-71,-1,53-28,37-44,6-7,23-20,68-56,22-16,57-51,33-21,7-8,2004
ATL,2006,2550524,31488,27.5,29.4,100,99,1,3,12,90156876.0,2:50,Cox,,,,17,NL,162,79,83,0.488,5.2,5.0,0.3,-0.3,0.0,85-77,-6,40-41,39-42,8-3,19-33,61-60,18-23,32-41,47-42,5-10,2005
ATL,2007,2745207,33891,27.7,29.4,98,98,1,2,12,87290833.0,2:53,Cox,,,,13,NL,162,84,78,0.518,5.0,4.5,0.5,-0.2,0.2,88-74,-4,44-37,40-41,6-9,18-25,53-46,31-32,47-43,37-35,4-11,2006
ATL,2008,2532834,31270,27.2,28.6,98,97,2,2,11,102365683.0,2:52,Cox,,,,25,NL,162,72,90,0.444,4.6,4.8,-0.2,-0.3,-0.5,79-83,-7,43-38,29-52,3-10,11-30,52-57,20-33,45-57,27-33,8-7,2007
ATL,2009,2373631,29304,28.8,28.9,99,98,0,1,11,99593166.0,2:54,Cox,,,,12,NL,162,86,76,0.531,4.5,4.0,0.6,-0.2,0.4,91-71,-5,40-41,46-35,9-7,27-25,55-54,31-22,40-39,46-37,7-8,2008
ATL,2010,2510119,30989,28.6,30.1,98,97,0,6,18,84423666.0,2:56,Cox,,,,7,NL,162,91,71,0.562,4.6,3.9,0.7,-0.1,0.6,93-69,-2,56-25,35-46,8-7,23-22,63-44,28-27,29-33,62-38,9-6,2009
ATL,2011,2372940,29296,28.9,28.4,101,100,0,5,17,93855132.0,2:56,Gonzalez,,,,10,NL,162,89,73,0.549,4.0,3.7,0.2,-0.1,0.1,85-77,4,47-34,42-39,14-12,29-26,65-50,24-23,28-32,61-41,10-5,2010
ATL,2012,2420171,29879,28.5,27.6,102,101,0,4,15,86208000.0,2:55,Gonzalez,,,,6,NL,162,94,68,0.58,4.3,3.7,0.6,-0.1,0.5,92-70,2,48-33,46-35,7-4,25-13,64-37,30-31,45-41,49-27,8-10,2011
ATL,2013,2548679,31465,26.8,27.2,101,100,0,3,10,95618750.0,2:59,Gonzalez,,,,3,NL,162,96,66,0.593,4.2,3.4,0.9,-0.3,0.6,98-64,-2,56-25,40-41,12-5,27-20,71-50,25-16,39-24,57-42,11-9,2012
ATL,2014,2354305,29065,26.8,27.3,99,99,0,3,8,108081500.0,3:04,Gonzalez,34.0,23.0,67%,16,NL,162,79,83,0.488,3.5,3.7,-0.1,-0.1,-0.2,78-84,1,42-39,37-44,7-10,25-28,60-68,19-15,28-34,51-49,7-13,2013
BAL,2000,3297031,40704,32.0,29.1,95,96,1,2,13,82347435.0,3:01,Hargrove,,,,21,AL,162,74,88,0.457,4.9,5.6,-0.7,0.1,-0.7,71-91,3,44-37,30-51,4-7,29-25,51-64,23-24,39-57,35-31,7-11,1999
BAL,2001,3094841,38686,30.1,27.6,95,96,1,1,10,74279540.0,2:59,Hargrove,,,,28,AL,162,63,98,0.391,4.2,5.1,-0.9,0.0,-0.9,67-94,-4,30-50,33-48,5-6,16-27,50-71,13-27,28-58,35-40,6-12,2000
BAL,2002,2682439,33117,29.2,27.8,95,96,0,1,9,64493487.0,2:55,Hargrove,,,,24,AL,162,67,95,0.414,4.1,4.8,-0.7,0.2,-0.4,70-92,-3,34-47,33-48,9-5,22-25,51-67,16-28,35-52,32-43,9-9,2001
BAL,2003,2454523,30303,29.3,29.2,99,99,0,1,8,73877500.0,2:50,Hargrove,,,,22,AL,163,71,91,0.438,4.6,5.0,-0.5,0.2,-0.3,74-88,-3,40-40,31-51,4-10,21-22,54-61,17-30,40-70,31-21,5-13,2002
BAL,2004,2744018,33877,30.4,27.4,98,98,0,1,8,51623333.0,3:00,Mazzilli,,,,18,AL,162,78,84,0.481,5.2,5.1,0.1,0.1,0.1,82-80,-4,38-43,40-41,6-7,15-22,56-55,22-29,32-56,46-28,5-13,2003
BAL,2005,2624740,32404,31.3,28.3,99,99,0,4,9,73914333.0,2:52,Mazzilli and Perlozzo,,,,22,AL,162,74,88,0.457,4.5,4.9,-0.4,0.3,-0.1,74-88,0,36-45,38-43,2-6,14-25,49-58,25-30,31-51,43-37,8-10,2004
BAL,2006,2153139,26582,30.3,27.9,99,99,0,1,8,72585582.0,2:53,Perlozzo,,,,26,AL,162,70,92,0.432,4.7,5.5,-0.8,0.4,-0.4,69-93,1,40-41,30-51,3-6,22-20,54-59,16-33,36-64,34-28,9-9,2005
BAL,2007,2164822,26726,30.4,29.0,101,102,0,1,8,93174808.0,2:59,Perlozzo and Trembley,,,,27,AL,162,69,93,0.426,4.7,5.4,-0.7,0.4,-0.3,71-91,-2,35-46,34-47,10-7,13-31,50-66,19-27,36-62,33-31,6-12,2006
BAL,2008,1950075,24376,30.0,27.9,101,102,0,1,8,67196246.0,2:58,Trembley,,,,26,AL,161,68,93,0.422,4.9,5.4,-0.5,0.5,0.0,73-88,-5,37-43,31-50,5-6,21-29,52-61,16-32,42-71,26-22,11-7,2007
BAL,2009,1907163,23545,28.7,28.1,101,102,0,1,12,69904166.0,2:52,Trembley,,,,28,AL,162,64,98,0.395,4.6,5.4,-0.8,0.4,-0.4,69-93,-5,39-42,25-56,5-7,17-22,40-61,24-37,37-68,27-30,11-7,2008
BAL,2010,1733019,21395,28.7,28.4,99,100,0,1,11,81612500.0,2:53,"Trembley, Samuel and Showalter",,,,27,AL,162,66,96,0.407,3.8,4.8,-1.1,0.4,-0.7,63-99,3,37-44,29-52,13-4,29-21,48-63,18-33,47-76,19-20,7-11,2009
BAL,2011,1755461,21672,28.3,28.2,102,103,0,1,12,88299038.0,2:54,Showalter,,,,27,AL,162,69,93,0.426,4.4,5.3,-0.9,0.3,-0.6,67-95,2,39-42,30-51,8-8,22-22,49-66,20-27,38-65,31-28,7-11,2010
BAL,2012,2102240,25954,28.0,27.6,102,103,0,3,12,77949000.0,3:00,Showalter,,,,8,AL,162,93,69,0.574,4.4,4.4,0.0,0.3,0.3,82-80,11,47-34,46-35,16-2,29-9,67-51,26-18,44-43,49-26,11-7,2011
BAL,2013,2357561,29106,27.8,27.9,103,102,0,5,12,100832000.0,3:01,Showalter,,,,14,AL,162,85,77,0.525,4.6,4.4,0.2,0.2,0.4,85-77,0,46-35,39-42,8-7,20-31,58-51,27-26,51-50,34-27,11-9,2012
BAL,2014,2464473,30426,28.3,27.7,100,100,0,3,10,109097500.0,3:07,Showalter,28.0,14.0,50%,2,AL,162,96,66,0.593,4.4,3.7,0.7,0.1,0.8,94-68,2,50-31,46-35,14-6,32-23,74-47,22-19,51-40,45-26,12-8,2013
BOS,2000,2585895,31925,29.3,30.1,103,103,1,4,15,79975333.0,3:02,Williams,,,,12,AL,162,85,77,0.525,4.9,4.6,0.3,0.0,0.3,86-76,-1,42-39,43-38,5-8,20-23,65-55,20-22,41-46,44-31,9-9,1999
BOS,2001,2625333,32412,30.0,30.7,101,100,1,1,16,110035833.0,3:04,Williams and Kerrigan,,,,15,AL,161,82,79,0.509,4.8,4.6,0.2,-0.1,0.0,83-78,-1,41-40,41-39,6-8,19-23,67-56,15-23,27-42,55-37,10-8,2000
BOS,2002,2650862,32727,30.0,31.0,103,102,2,7,17,108366060.0,2:53,Little,,,,9,AL,162,93,69,0.574,5.3,4.1,1.2,0.0,1.2,100-62,-7,42-39,51-30,3-5,13-23,69-57,24-12,29-39,64-30,5-13,2001
BOS,2003,2724165,33632,29.8,31.2,105,103,1,3,15,99946500.0,2:57,Little,,,,5,AL,162,95,67,0.586,5.9,5.0,0.9,0.0,0.9,94-68,1,53-28,42-39,11-5,26-16,69-40,26-27,46-39,49-28,11-7,2002
BOS,2004,2837294,35028,30.6,32.5,106,104,1,3,15,127298500.0,2:59,Francona,,,,3,AL,162,98,64,0.605,5.9,4.7,1.1,0.0,1.1,96-66,2,55-26,43-38,6-6,16-18,66-40,32-24,42-31,56-33,9-9,2003
BOS,2005,2847888,35159,31.5,33.6,104,104,0,5,17,123505125.0,3:01,Francona,,,,5,AL,162,95,67,0.586,5.6,5.0,0.6,0.3,0.9,90-72,5,54-27,41-40,6-2,27-15,66-45,29-22,39-28,56-39,12-6,2004
BOS,2006,2930588,36180,30.5,31.1,105,104,0,4,18,120099824.0,3:08,Francona,,,,11,AL,162,86,76,0.531,5.1,5.1,0.0,0.3,0.3,81-81,5,48-33,38-43,5-7,29-20,61-45,25-31,37-44,49-32,16-2,2005
BOS,2007,2970755,36676,30.2,31.1,106,105,0,6,19,143026214.0,3:09,Francona,,,,1,AL,162,96,66,0.593,5.4,4.1,1.3,0.3,1.6,101-61,-5,51-30,45-36,2-5,22-28,71-43,25-23,44-40,52-26,12-6,2006
BOS,2008,3048250,37633,29.8,29.2,107,106,0,7,20,133390035.0,3:06,Francona,,,,4,AL,162,95,67,0.586,5.2,4.3,0.9,0.4,1.3,95-67,0,56-25,39-42,8-3,22-23,70-54,25-13,49-49,46-18,11-7,2007
BOS,2009,3062699,37811,30.0,29.8,105,104,1,6,22,125439499.0,3:06,Francona,,,,4,AL,162,95,67,0.586,5.4,4.5,0.8,0.3,1.1,93-69,2,56-25,39-42,4-6,22-17,65-42,30-25,44-41,51-26,11-7,2008
BOS,2010,3046445,37610,30.8,29.6,106,105,0,6,19,164507333.0,3:10,Francona,,,,10,AL,162,89,73,0.549,5.0,4.6,0.5,0.2,0.7,88-74,1,46-35,43-38,6-12,22-26,61-44,28-29,50-53,39-20,13-5,2009
BOS,2011,3054001,37704,30.0,30.3,105,105,0,6,18,166662475.0,3:13,Francona,,,,9,AL,162,90,72,0.556,5.4,4.5,0.9,0.2,1.0,94-68,-4,45-36,45-36,6-5,19-19,57-50,33-22,46-38,44-34,10-8,2010
BOS,2012,3043003,37568,29.4,28.7,104,103,0,1,15,110386000.0,3:09,Valentine,,,,24,AL,162,69,93,0.426,4.5,5.0,-0.4,0.3,-0.2,74-88,-5,34-47,35-46,2-10,17-22,43-68,26-25,37-67,32-26,11-7,2011
BOS,2013,2833333,34979,29.7,30.2,103,103,0,3,14,178420500.0,3:15,Farrell,,,,1,AL,162,97,65,0.599,5.3,4.0,1.2,0.1,1.3,100-62,-3,53-28,44-37,10-6,21-21,65-43,32-22,53-43,44-22,14-6,2012
BOS,2014,2956089,36495,29.3,29.9,102,101,0,2,15,134628929.0,3:17,Farrell,34.0,19.0,55%,25,AL,162,71,91,0.438,3.9,4.4,-0.5,0.2,-0.3,72-90,-1,34-47,37-44,10-11,28-28,49-64,22-27,38-68,33-23,9-11,2013
CHC,2000,2789511,34438,30.8,28.4,97,98,0,2,10,60539333.0,3:00,Baylor,,,,30,NL,162,65,97,0.401,4.7,5.6,-0.9,0.0,-0.9,69-93,-4,38-43,27-54,9-13,27-30,51-76,14-21,32-51,33-46,8-7,1999
CHC,2001,2779465,34314,30.7,29.8,95,95,0,2,13,64715833.0,2:56,Baylor,,,,10,NL,162,88,74,0.543,4.8,4.3,0.5,-0.1,0.4,89-73,-1,48-33,40-41,3-6,26-24,74-52,14-22,42-40,46-34,9-6,2000
CHC,2002,2693096,33248,30.2,27.6,98,98,0,1,12,75690833.0,2:57,"Baylor, Lachemann and Kimm",,,,25,NL,162,67,95,0.414,4.4,4.7,-0.3,-0.1,-0.4,76-86,-9,36-45,31-50,5-9,18-36,52-71,15-24,31-45,36-50,6-6,2001
CHC,2003,2962630,36576,31.3,28.2,101,101,0,2,14,79868333.0,2:51,Baker,,,,9,NL,162,88,74,0.543,4.5,4.2,0.3,-0.1,0.2,85-77,3,44-37,44-37,8-3,27-17,70-54,18-20,42-45,46-29,9-9,2002
CHC,2004,3170154,38660,30.1,29.1,102,102,1,3,14,90560000.0,2:49,Baker,,,,11,NL,162,89,73,0.549,4.9,4.1,0.8,0.0,0.7,94-68,-5,45-37,44-36,10-9,19-30,64-58,25-15,43-43,46-30,8-4,2003
CHC,2005,3099992,38272,29.7,28.2,104,104,1,2,13,87032933.0,2:45,Baker,,,,19,NL,162,79,83,0.488,4.3,4.4,-0.1,-0.1,-0.2,80-82,-1,38-43,41-40,5-5,26-20,55-56,24-27,46-55,33-28,6-9,2004
CHC,2006,3123215,38558,28.6,28.0,103,103,1,1,13,94424499.0,2:50,Baker,,,,28,NL,162,66,96,0.407,4.4,5.1,-0.7,-0.3,-1.1,70-92,-4,36-45,30-51,4-7,15-26,44-66,22-30,29-43,37-53,4-11,2005
CHC,2007,3252462,40154,29.3,28.4,105,104,0,2,14,101670332.0,2:50,Piniella,,,,12,NL,162,85,77,0.525,4.6,4.3,0.4,-0.4,-0.1,87-75,-2,44-37,41-40,2-8,23-22,66-53,19-24,32-37,53-40,8-4,2006
CHC,2008,3300200,40743,30.1,28.9,107,106,0,8,14,120345833.0,2:55,Piniella,,,,2,NL,161,97,64,0.603,5.3,4.2,1.1,-0.4,0.8,98-63,-1,55-26,42-38,10-6,24-22,66-48,31-16,51-42,46-22,6-9,2007
CHC,2009,3168859,39611,29.9,28.4,107,106,0,1,11,139652000.0,2:52,Piniella,,,,16,NL,161,83,78,0.515,4.4,4.2,0.2,-0.4,-0.1,84-77,-1,46-34,37-44,9-7,16-22,67-62,16-16,23-38,60-40,6-9,2008
CHC,2010,3062973,37814,29.4,28.2,104,105,0,1,12,146609002.0,2:50,Piniella and Quade,,,,23,NL,162,75,87,0.463,4.2,4.7,-0.5,-0.2,-0.7,73-89,2,35-46,40-41,4-6,22-32,49-59,26-28,32-43,43-44,8-10,2009
CHC,2011,3017966,37259,29.3,29.4,101,102,0,1,13,136547329.0,2:58,Quade,,,,26,NL,162,71,91,0.438,4.0,4.7,-0.6,-0.1,-0.7,70-92,1,39-42,32-49,9-5,25-28,51-67,20-24,30-43,41-48,5-10,2010
CHC,2012,2882756,35590,27.8,27.9,101,103,0,2,11,84492700.0,2:58,Sveum,,,,29,NL,162,61,101,0.377,3.8,4.7,-0.9,-0.1,-1.0,65-97,-4,38-43,23-58,4-6,15-27,43-75,18-26,32-69,29-32,5-10,2011
CHC,2013,2642682,32626,27.9,28.7,102,103,0,1,8,66207500.0,3:07,Sveum,,,,27,NL,162,66,96,0.407,3.7,4.3,-0.5,0.0,-0.5,71-91,-5,31-50,35-46,7-6,20-33,44-74,22-22,30-60,36-36,13-7,2012
CHC,2014,2652113,32742,26.8,28.0,103,104,0,3,5,59800500.0,3:12,Renteria,57.0,25.0,43%,23,NL,162,73,89,0.451,3.8,4.4,-0.6,-0.1,-0.7,71-91,2,41-40,32-49,8-10,19-21,57-71,16-18,37-50,36-39,9-11,2013
CHW,2000,1947799,24047,27.5,26.5,102,102,1,3,13,31743500.0,3:03,Manuel,,,,3,AL,162,95,67,0.586,6.0,5.2,0.9,0.0,0.9,92-70,3,46-35,49-32,7-4,28-18,74-57,21-10,49-35,46-32,12-6,1999
CHW,2001,1766172,21805,28.4,26.2,104,103,1,1,16,65653667.0,2:57,Manuel,,,,14,AL,162,83,79,0.512,4.9,4.9,0.0,-0.1,-0.1,81-81,2,46-35,37-44,7-4,22-22,66-61,17-18,26-51,57-28,12-6,2000
CHW,2002,1676911,20703,28.8,25.8,101,101,1,2,13,57052833.0,2:49,Manuel,,,,14,AL,162,81,81,0.5,5.3,4.9,0.4,-0.2,0.2,86-76,-5,47-34,34-47,3-2,15-21,64-57,17-24,25-39,56-42,8-10,2001
CHW,2003,1939524,23945,29.3,27.9,102,102,2,3,14,51010000.0,2:44,Manuel,,,,11,AL,162,86,76,0.531,4.9,4.4,0.5,-0.2,0.2,88-74,-2,51-30,35-46,8-4,18-22,60-51,26-25,48-47,38-29,10-8,2002
CHW,2004,1930537,23834,28.6,28.2,102,101,2,1,15,65212500.0,2:41,Guillen,,,,15,AL,162,83,79,0.512,5.3,5.1,0.2,0.0,0.2,84-78,-1,46-35,37-44,6-7,28-18,62-44,21-35,33-41,50-38,8-10,2003
CHW,2005,2342833,28924,29.3,29.3,103,103,1,4,13,75178000.0,2:49,Guillen,,,,2,AL,162,99,63,0.611,4.6,4.0,0.6,0.1,0.7,91-71,8,47-34,52-29,11-8,35-19,76-43,23-20,39-33,60-30,12-6,2004
CHW,2006,2957414,36511,29.6,27.9,104,104,0,7,16,102750667.0,2:49,Guillen,,,,6,AL,162,90,72,0.556,5.4,4.9,0.5,0.4,0.8,88-74,2,49-32,41-40,7-8,24-21,59-38,31-34,44-36,46-36,14-4,2005
CHW,2007,2684395,33141,29.6,27.7,104,104,0,1,14,108671833.0,2:53,Guillen,,,,23,AL,162,72,90,0.444,4.3,5.2,-0.9,0.4,-0.5,67-95,5,38-43,34-47,6-7,16-26,56-62,16-28,33-54,39-36,4-14,2006
CHW,2008,2500648,30496,30.5,28.3,104,105,0,2,16,121189332.0,2:51,Guillen,,,,9,AL,163,89,74,0.546,5.0,4.5,0.5,0.4,0.9,89-74,0,54-28,35-46,8-4,22-17,58-54,31-20,40-48,49-26,12-6,2007
CHW,2009,2284163,28200,29.8,29.5,105,105,0,1,16,101081000.0,2:46,Guillen,,,,18,AL,162,79,83,0.488,4.5,4.5,0.0,0.1,0.1,80-82,-1,43-38,36-45,4-6,19-27,54-59,25-24,45-47,34-36,12-6,2008
CHW,2010,2194378,27091,30.6,29.0,103,103,0,2,16,107195000.0,2:47,Guillen,,,,11,AL,162,88,74,0.543,4.6,4.3,0.3,0.0,0.3,86-76,2,45-36,43-38,6-10,28-21,68-54,20-20,38-47,50-27,15-3,2009
CHW,2011,2001117,24705,29.9,28.5,106,106,0,2,13,127789000.0,2:49,Guillen and Cooper,,,,17,AL,162,79,83,0.488,4.0,4.4,-0.3,0.0,-0.3,75-87,4,36-45,43-38,7-11,24-25,55-61,24-22,28-41,51-42,11-7,2010
CHW,2012,1965955,24271,29.9,27.5,104,104,0,4,14,118208000.0,2:54,Ventura,,,,14,AL,162,85,77,0.525,4.6,4.2,0.4,0.0,0.4,88-74,-3,45-36,40-41,5-9,26-21,62-53,23-24,33-39,52-38,9-9,2011
CHW,2013,1768413,21832,29.2,27.1,104,105,0,2,8,81401900.0,3:02,Ventura,,,,28,AL,162,63,99,0.389,3.7,4.5,-0.8,0.1,-0.6,67-95,-4,37-44,26-55,8-15,24-36,50-74,13-25,36-66,27-33,8-12,2012
CHW,2014,1650821,20381,27.7,27.4,100,101,0,3,5,87475500.0,3:08,Ventura,36.0,17.0,47%,22,AL,162,73,89,0.451,4.1,4.7,-0.6,0.1,-0.5,71-91,2,40-41,33-48,6-8,28-24,51-66,22-23,45-59,28-30,11-9,2013
CIN,2000,2577371,31431,29.2,28.4,102,102,1,3,13,46867200.0,3:00,McKeon,,,,11,NL,163,85,77,0.525,5.1,4.7,0.4,-0.1,0.3,87-75,-2,43-38,42-39,9-7,25-23,60-65,25-12,38-34,47-43,7-8,1999
CIN,2001,1879757,23207,28.0,27.3,105,105,1,1,11,48986000.0,2:58,Boone,,,,26,NL,162,66,96,0.407,4.5,5.2,-0.7,0.0,-0.7,70-92,-4,27-54,39-42,7-5,20-22,52-73,14-23,37-62,29-34,4-11,2000
CIN,2002,1855787,22911,27.7,28.7,104,104,1,1,10,45050390.0,2:58,Boone,,,,17,NL,162,78,84,0.481,4.4,4.8,-0.4,-0.1,-0.5,75-87,3,38-43,40-41,12-6,26-23,61-63,17-21,24-51,54-33,2-10,2001
CIN,2003,2355259,29077,27.3,28.0,95,96,1,1,9,59355667.0,2:50,"Boone, Knight and Miley",,,,24,NL,162,69,93,0.426,4.3,5.5,-1.2,0.1,-1.1,63-99,6,35-46,34-47,15-5,30-21,53-64,16-29,43-61,26-32,7-5,2002
CIN,2004,2287250,28238,28.4,28.5,97,98,1,4,7,46915250.0,2:53,Miley,,,,19,NL,162,76,86,0.469,4.6,5.6,-1.0,0.1,-0.9,67-95,9,40-41,36-45,12-7,25-20,53-62,23-24,42-53,34-33,5-7,2003
CIN,2005,1943067,23696,28.6,28.9,100,101,0,1,8,61892583.0,2:53,Miley and Narron,,,,23,NL,163,73,89,0.451,5.0,5.5,-0.4,-0.1,-0.5,75-87,-2,42-39,31-50,5-2,21-18,49-60,24-29,37-61,36-28,7-8,2004
CIN,2006,2134607,26353,29.6,29.5,104,104,0,1,13,60909519.0,2:50,Narron,,,,15,NL,162,80,82,0.494,4.6,4.9,-0.3,-0.4,-0.7,76-86,4,42-39,38-43,5-8,27-20,56-58,24-24,27-34,53-48,6-9,2005
CIN,2007,2058593,25415,29.7,29.1,104,104,0,1,12,68524980.0,2:52,Narron and Mackanin,,,,24,NL,162,72,90,0.444,4.8,5.3,-0.4,-0.3,-0.7,75-87,-3,39-42,33-48,10-8,26-24,49-54,23-36,42-47,30-43,7-11,2006
CIN,2008,2058632,25415,28.6,28.7,102,102,0,1,10,74167695.0,2:55,Baker,,,,23,NL,162,74,88,0.457,4.3,4.9,-0.6,-0.2,-0.8,72-90,2,43-38,31-50,9-8,28-20,44-63,30-25,51-64,23-24,9-6,2007
CIN,2009,1747919,21579,27.9,29.0,100,100,0,1,12,78979000.0,2:58,Baker,,,,19,NL,162,78,84,0.481,4.2,4.5,-0.3,-0.3,-0.6,76-86,2,40-41,38-43,8-7,19-20,59-59,19-25,28-44,50-40,6-9,2008
CIN,2010,2060550,25439,29.0,28.2,102,101,0,4,13,75321542.0,2:56,Baker,,,,6,NL,162,91,71,0.562,4.9,4.2,0.6,-0.3,0.3,92-70,-1,49-32,42-39,11-8,27-27,58-49,33-22,20-33,71-38,8-7,2009
CIN,2011,2213588,27328,28.6,27.7,104,103,0,4,15,77297134.0,3:03,Baker,,,,18,NL,162,79,83,0.488,4.5,4.4,0.1,-0.2,-0.1,83-79,-4,42-39,37-44,12-5,29-33,62-61,17-22,36-37,43-46,6-12,2010
CIN,2012,2347251,28978,28.8,27.1,104,104,0,3,13,80309500.0,3:00,Baker,,,,2,NL,162,97,65,0.599,4.1,3.6,0.5,-0.3,0.2,91-71,6,50-31,47-34,7-7,31-21,65-47,32-18,40-36,57-29,7-8,2011
CIN,2013,2492101,31151,28.5,27.7,101,101,0,3,13,106255535.0,3:08,Baker,,,,11,NL,162,90,72,0.556,4.3,3.6,0.7,-0.1,0.6,93-69,-3,49-31,41-41,13-9,27-22,63-47,27-25,35-42,55-30,11-9,2012
CIN,2014,2476664,30576,29.0,28.0,98,98,0,5,10,102230000.0,3:03,Price,27.0,12.0,44%,21,NL,162,76,86,0.469,3.7,3.8,-0.1,-0.1,-0.3,79-83,-3,44-37,32-49,4-9,22-38,59-69,17-17,45-45,31-41,6-14,2013
CLE,2000,3456278,42670,30.1,30.2,101,100,1,4,15,76972271.0,3:12,Manuel,,,,8,AL,162,90,72,0.556,5.9,5.0,0.8,0.0,0.9,92-70,-2,48-33,42-39,6-5,17-24,73-51,17-21,48-38,42-34,13-5,1999
CLE,2001,3175523,39694,31.0,29.1,100,100,1,2,17,93360001.0,3:06,Manuel,,,,7,AL,162,91,71,0.562,5.5,5.1,0.5,-0.2,0.3,88-74,3,44-36,47-35,9-6,25-18,71-51,20-20,42-34,49-37,7-11,2000
CLE,2002,2616940,32308,30.3,28.1,97,98,0,1,20,78909449.0,2:53,Manuel and Skinner,,,,20,AL,162,74,88,0.457,4.6,5.2,-0.6,0.0,-0.7,72-90,2,39-42,35-46,4-4,16-17,51-65,23-23,35-50,39-38,6-12,2001
CLE,2003,1730002,21358,27.1,26.3,96,97,0,1,14,48584834.0,2:43,Wedge,,,,25,AL,162,68,94,0.42,4.3,4.8,-0.5,-0.2,-0.7,73-89,-5,38-43,30-51,7-11,15-25,49-63,19-31,36-64,32-30,6-12,2002
CLE,2004,1814401,22400,28.6,27.3,94,94,0,5,12,34319300.0,2:55,Wedge,,,,17,AL,162,80,82,0.494,5.3,5.3,0.0,0.0,0.0,81-81,-1,44-37,36-45,11-13,26-20,56-48,24-34,37-47,43-35,10-8,2003
CLE,2005,2013763,24861,27.7,29.2,96,96,0,1,14,41502500.0,2:51,Wedge,,,,6,AL,162,93,69,0.574,4.9,4.0,0.9,0.0,1.0,96-66,-3,43-38,50-31,6-8,22-36,67-45,26-24,31-40,62-29,15-3,2004
CLE,2006,1997995,24667,27.8,28.6,99,98,0,1,13,56031500.0,2:54,Wedge,,,,19,AL,162,78,84,0.481,5.4,4.8,0.5,0.4,0.9,89-73,-11,44-37,34-47,5-3,18-26,53-52,25-32,45-53,33-31,8-10,2005
CLE,2007,2275912,28449,28.1,29.4,101,100,0,3,12,61673267.0,3:02,Wedge,,,,2,AL,162,96,66,0.593,5.0,4.3,0.7,0.2,0.8,91-71,5,51-29,45-37,11-8,29-24,64-47,32-19,30-30,66-36,9-9,2006
CLE,2008,2169760,26787,27.7,28.6,98,97,0,2,11,78970066.0,3:00,Wedge,,,,17,AL,162,81,81,0.5,5.0,4.7,0.3,0.3,0.6,85-77,-4,45-36,36-45,5-9,14-17,60-58,21-23,37-38,44-43,6-12,2007
CLE,2009,1766242,21805,27.4,27.8,95,95,0,1,11,85224866.0,3:01,Wedge,,,,27,AL,162,65,97,0.401,4.8,5.3,-0.6,0.2,-0.4,73-89,-8,35-46,30-51,4-8,19-21,48-74,17-23,33-59,32-38,5-13,2008
CLE,2010,1391644,17181,27.2,26.6,94,95,0,1,10,61203966.0,2:54,Acta,,,,24,AL,162,69,93,0.426,4.0,4.6,-0.7,0.1,-0.5,70-92,-1,38-43,31-50,6-6,23-21,51-65,18-28,45-68,24-25,5-13,2009
CLE,2011,1840835,22726,27.8,26.7,94,96,0,2,10,49426566.0,2:56,Acta,,,,16,AL,162,80,82,0.494,4.3,4.7,-0.3,0.1,-0.3,75-87,5,44-37,36-45,6-8,30-26,57-56,23-26,26-47,54-35,11-7,2010
CLE,2012,1603596,19797,27.8,27.6,94,95,0,2,10,78911300.0,2:58,Acta and Alomar,,,,26,AL,162,68,94,0.42,4.1,5.2,-1.1,0.2,-0.9,64-98,4,37-44,31-50,5-8,24-12,50-59,18-35,42-53,26-41,8-10,2011
CLE,2013,1572926,19419,28.6,27.5,95,95,0,2,10,87342433.0,3:03,Francona,,,,8,AL,162,92,70,0.568,4.6,4.1,0.5,0.0,0.5,90-72,2,51-30,41-40,10-2,30-17,56-50,36-20,36-52,56-18,11-9,2012
CLE,2014,1437393,17746,28.5,27.2,97,97,0,1,7,73509399.0,3:12,Francona,33.0,17.0,51%,12,AL,162,85,77,0.525,4.1,4.0,0.1,0.1,0.1,83-79,2,48-33,37-44,13-8,25-21,60-52,25-25,36-47,49-30,10-10,2013
COL,2000,3295129,40681,29.2,29.7,125,125,0,3,5,61111190.0,3:01,Bell,,,,16,NL,162,82,80,0.506,6.0,5.5,0.4,0.0,0.4,87-75,-5,48-33,34-47,6-5,23-20,58-67,24-13,34-49,48-31,6-6,1999
COL,2001,3166821,39097,28.3,28.7,122,122,0,3,7,71541334.0,3:02,Bell,,,,22,NL,162,73,89,0.451,5.7,5.6,0.1,0.2,0.3,82-80,-9,41-40,32-49,5-5,18-28,58-70,15-19,43-60,30-29,2-10,2000
COL,2002,2737838,33800,28.7,28.5,115,116,0,1,9,56851043.0,2:59,Bell and Hurdle,,,,21,NL,162,73,89,0.451,4.8,5.5,-0.7,0.1,-0.6,70-92,3,47-34,26-55,5-5,18-19,57-63,16-26,35-56,38-33,7-11,2001
COL,2003,2334085,28816,29.5,28.0,115,116,0,3,13,67179667.0,2:49,Hurdle,,,,21,NL,162,74,88,0.457,5.3,5.5,-0.2,-0.1,-0.3,78-84,-4,49-32,25-56,2-7,17-22,54-62,20-26,43-63,31-25,9-6,2002
COL,2004,2338069,28865,30.4,28.8,113,114,0,1,13,65445167.0,2:51,Hurdle,,,,24,NL,162,68,94,0.42,5.1,5.7,-0.6,-0.1,-0.6,73-89,-5,38-43,30-51,3-11,16-24,42-73,26-21,39-62,29-32,8-10,2003
COL,2005,1914389,23634,27.2,27.3,112,113,0,1,8,47839000.0,2:48,Hurdle,,,,28,NL,162,67,95,0.414,4.6,5.3,-0.8,-0.4,-1.2,70-92,-3,40-41,27-54,4-4,25-24,49-70,18-25,27-48,40-47,6-9,2004
COL,2006,2104362,25980,27.8,28.8,109,109,0,2,10,41233000.0,2:51,Hurdle,,,,22,NL,162,76,86,0.469,5.0,5.0,0.0,-0.3,-0.2,81-81,-5,44-37,32-49,8-4,19-25,59-74,17-12,31-44,45-42,11-4,2005
COL,2007,2376250,28979,27.9,28.1,107,108,0,2,10,54041000.0,2:56,Hurdle,,,,6,NL,163,90,73,0.552,5.3,4.7,0.6,-0.2,0.4,91-72,-1,51-31,39-42,11-10,19-19,70-49,20-24,54-42,36-31,10-8,2006
COL,2008,2650218,32719,27.5,28.5,109,109,0,2,11,68655500.0,2:54,Hurdle,,,,21,NL,162,74,88,0.457,4.6,5.1,-0.5,-0.4,-0.9,74-88,0,43-38,31-50,6-6,25-20,48-67,26-21,37-56,37-32,7-8,2007
COL,2009,2665080,32902,27.8,28.5,112,112,0,2,11,79250200.0,2:57,Hurdle and Tracy,,,,6,NL,162,92,70,0.568,5.0,4.4,0.5,-0.2,0.4,90-72,2,51-30,41-40,4-5,23-20,65-44,27-26,38-43,54-27,11-4,2008
COL,2010,2875245,35497,28.8,28.1,115,115,0,2,9,90677000.0,3:00,Tracy,,,,14,NL,162,83,79,0.512,4.8,4.4,0.3,-0.1,0.3,86-76,-3,52-29,31-50,8-10,28-30,49-52,34-27,40-32,43-47,9-6,2009
COL,2011,2909777,35923,28.6,27.7,119,119,0,1,11,91648071.0,3:03,Tracy,,,,21,NL,162,73,89,0.451,4.5,4.8,-0.2,-0.1,-0.3,77-85,-4,38-43,35-46,4-8,21-27,48-66,25-23,30-58,43-31,8-7,2010
COL,2012,2630458,32475,28.1,28.2,117,117,0,1,9,75485000.0,3:06,Tracy,,,,28,NL,162,64,98,0.395,4.7,5.5,-0.8,-0.1,-0.9,69-93,-5,35-46,29-52,5-2,18-23,49-63,15-35,37-71,27-27,2-13,2011
COL,2013,2793828,34492,27.7,28.3,118,119,0,3,7,73768000.0,3:05,Weiss,,,,23,NL,162,74,88,0.457,4.4,4.7,-0.3,-0.1,-0.5,76-86,-2,45-36,29-52,6-9,25-26,54-55,20-33,36-48,38-40,5-15,2012
COL,2014,2680329,33090,27.4,28.5,115,116,0,2,6,95403500.0,3:12,Weiss,37.0,14.0,37%,29,NL,162,66,96,0.407,4.7,5.0,-0.4,-0.2,-0.6,75-87,-9,45-36,21-60,7-7,20-24,43-73,23-23,22-51,44-45,7-13,2013
DET,2000,2438617,30106,29.1,29.1,94,95,0,1,9,59645167.0,3:01,Garner,,,,18,AL,162,79,83,0.488,5.1,5.1,0.0,0.1,0.0,81-81,-2,43-38,36-45,8-4,20-18,55-62,24-21,48-48,31-35,10-8,1999
DET,2001,1921305,23720,28.2,28.1,93,95,0,1,8,53416167.0,2:52,Garner,,,,25,AL,162,66,96,0.407,4.5,5.4,-0.9,0.0,-0.9,67-95,-1,37-44,29-52,3-7,14-21,47-69,19-27,32-66,34-30,10-8,2000
DET,2002,1503623,18795,28.1,28.1,92,95,0,1,10,55048000.0,2:45,Garner and Pujols,,,,29,AL,161,55,106,0.342,3.6,5.4,-1.8,0.1,-1.7,52-109,3,33-47,22-59,5-6,23-23,43-84,12-22,24-63,31-43,6-12,2001
DET,2003,1368245,16892,27.2,25.3,93,95,0,1,7,49168000.0,2:39,Trammell,,,,30,AL,162,43,119,0.265,3.6,5.7,-2.1,0.0,-2.1,49-113,-6,23-58,20-61,3-13,19-18,31-80,12-39,25-83,18-36,4-14,2002
DET,2004,1917004,23667,28.2,27.5,94,96,0,2,10,46832000.0,2:46,Trammell,,,,21,AL,162,72,90,0.444,5.1,5.2,-0.1,0.0,-0.1,79-83,-7,38-43,34-47,6-9,12-27,48-52,24-38,39-49,33-41,9-9,2003
DET,2005,2024431,24993,28.5,28.0,97,97,0,1,15,69092000.0,2:44,Trammell,,,,25,AL,162,71,91,0.438,4.5,4.9,-0.4,0.2,-0.2,75-87,-4,39-42,32-49,8-3,22-26,50-70,21-21,32-59,39-32,9-9,2004
DET,2006,2595937,32049,29.3,28.8,100,99,0,3,14,82612866.0,2:46,Leyland,,,,4,AL,162,95,67,0.586,5.1,4.2,0.9,0.3,1.2,95-67,0,46-35,49-32,4-8,24-20,62-47,33-20,40-40,55-27,15-3,2005
DET,2007,3047133,37619,30.8,28.5,102,101,0,5,16,95180369.0,3:00,Leyland,,,,11,AL,162,88,74,0.543,5.5,4.9,0.6,0.2,0.8,89-73,-1,45-36,43-38,8-10,27-19,60-59,28-15,35-35,53-39,14-4,2006
DET,2008,3202645,39539,30.3,29.9,102,102,0,1,17,138785196.0,3:00,Leyland,,,,22,AL,162,74,88,0.457,5.1,5.3,-0.2,0.4,0.1,78-84,-4,40-41,34-47,3-9,16-25,48-66,26-22,41-59,33-29,13-5,2007
DET,2009,2567165,31693,29.7,26.6,101,101,0,4,11,119510145.0,2:50,Leyland,,,,13,AL,163,86,77,0.528,4.6,4.6,0.0,0.1,0.1,81-82,5,51-30,35-47,6-5,28-22,57-57,29-20,36-39,50-38,10-8,2008
DET,2010,2461237,30386,28.8,26.5,102,101,0,3,11,124039928.0,2:54,Leyland,,,,16,AL,162,81,81,0.5,4.6,4.6,0.0,0.0,0.0,82-80,-1,52-29,29-52,7-8,16-26,55-60,26-21,38-45,43-36,11-7,2009
DET,2011,2642045,32618,28.6,27.8,102,101,0,5,11,106875231.0,3:00,Leyland,,,,5,AL,162,95,67,0.586,4.9,4.4,0.5,-0.1,0.4,89-73,6,50-31,45-36,6-3,29-17,64-47,31-20,28-23,67-44,7-11,2010
DET,2012,3028033,37383,28.0,28.2,105,104,0,3,9,131394000.0,2:59,Leyland,,,,11,AL,162,88,74,0.543,4.5,4.1,0.3,0.0,0.4,87-75,1,50-31,38-43,4-5,21-27,62-49,26-25,40-34,48-40,11-7,2011
DET,2013,3083397,38067,29.9,28.4,104,104,0,6,10,154407000.0,3:06,Leyland,,,,6,AL,162,93,69,0.574,4.9,3.9,1.1,0.0,1.0,99-63,-6,51-30,42-39,6-13,20-26,66-46,27-23,48-40,45-29,12-8,2012
DET,2014,2917209,36015,29.7,28.5,105,104,0,4,12,169135500.0,3:14,Ausmus,39.0,23.0,58%,6,AL,162,90,72,0.556,4.7,4.4,0.3,0.0,0.4,86-76,4,45-36,45-36,6-6,23-20,62-50,28-22,49-39,41-33,12-8,2013
FLA,2000,1218326,15041,26.1,26.7,94,95,0,1,11,20347000.0,2:59,Boles,,,,17,NL,161,79,82,0.491,4.5,5.0,-0.4,-0.1,-0.5,74-87,5,43-38,36-44,9-5,32-20,62-60,17-22,40-46,39-36,8-9,1999
FLA,2001,1261226,15765,27.3,26.5,96,97,0,2,13,35762500.0,2:53,Boles and Perez,,,,19,NL,162,76,86,0.469,4.6,4.6,0.0,-0.1,-0.1,81-81,-5,46-34,30-52,5-11,19-29,61-63,15-23,40-60,36-26,12-6,2000
FLA,2002,813118,10038,28.4,26.1,97,97,0,2,12,41979917.0,3:00,Torborg,,,,16,NL,162,79,83,0.488,4.3,4.7,-0.4,-0.1,-0.5,75-87,4,46-35,33-48,5-12,24-20,60-60,19-23,34-38,45-45,10-8,2001
FLA,2003,1303215,16089,27.7,26.3,98,98,0,3,13,49450000.0,2:50,Torborg and McKeon,,,,7,NL,162,91,71,0.562,4.6,4.3,0.4,0.1,0.5,87-75,4,53-28,38-43,6-4,30-23,64-60,27-11,53-48,38-23,9-6,2002
FLA,2004,1723105,21539,28.8,27.8,95,95,0,4,13,42143042.0,2:45,McKeon,,,,16,NL,162,83,79,0.512,4.4,4.3,0.1,-0.1,0.0,83-79,0,42-38,41-41,5-10,20-17,58-59,25-20,36-45,47-34,7-11,2003
FLA,2005,1852608,22872,29.7,29.5,94,94,0,4,14,60408834.0,2:49,McKeon,,,,13,NL,162,83,79,0.512,4.4,4.5,-0.1,-0.1,-0.2,79-83,4,45-36,38-43,5-9,20-23,62-63,21-16,47-56,36-23,10-5,2004
FLA,2006,1164134,14372,25.6,25.9,95,96,0,2,5,14671500.0,2:51,Girardi,,,,20,NL,162,78,84,0.481,4.7,4.8,-0.1,-0.3,-0.4,80-82,-2,42-39,36-45,5-7,20-26,58-56,20-28,27-45,51-39,9-9,2005
FLA,2007,1370511,16920,26.7,26.2,97,98,0,1,8,30507000.0,2:56,Gonzalez,,,,26,NL,162,71,91,0.438,4.9,5.5,-0.6,-0.2,-0.8,72-90,-1,36-45,35-46,7-6,22-24,50-63,21-28,44-53,27-38,9-9,2006
FLA,2008,1335076,16482,28.0,26.6,101,101,0,2,7,21811500.0,2:56,Gonzalez,,,,14,NL,161,84,77,0.522,4.8,4.8,0.0,-0.3,-0.3,81-80,3,45-36,39-41,9-5,24-19,61-56,23-21,43-41,41-36,5-10,2007
FLA,2009,1464109,18075,27.0,26.3,102,102,0,2,5,40029000.0,3:00,Gonzalez,,,,9,NL,162,87,75,0.537,4.8,4.7,0.0,-0.2,-0.1,82-80,5,43-38,44-37,7-7,30-20,58-53,29-22,39-41,48-34,10-8,2008
FLA,2010,1524894,18826,26.9,27.1,103,103,0,2,5,57454719.0,2:55,Gonzalez and Rodriguez,,,,17,NL,162,80,82,0.494,4.4,4.4,0.0,0.0,0.0,81-81,-1,41-40,39-42,5-8,23-28,46-67,34-15,31-52,49-30,7-8,2009
FLA,2011,1520562,18772,27.4,28.0,101,102,0,1,10,57694000.0,2:58,"Rodriguez, Hyde and McKeon",,,,23,NL,162,72,90,0.444,3.9,4.3,-0.5,0.0,-0.4,72-90,0,31-47,41-43,9-13,27-32,49-67,23-23,28-54,44-36,8-10,2010
HOU,2000,3056139,37730,29.1,28.0,107,107,1,1,10,51289111.0,3:02,Dierker,,,,23,NL,162,72,90,0.444,5.8,5.8,0.0,-0.1,-0.1,81-81,-9,39-42,33-48,6-9,15-31,57-69,15-21,28-52,44-38,6-9,1999
HOU,2001,2904277,35855,30.3,28.4,106,106,1,3,12,60612667.0,2:58,Dierker,,,,4,NL,162,93,69,0.574,5.2,4.7,0.5,-0.1,0.4,88-74,5,44-37,49-32,9-7,29-23,71-57,22-12,39-36,54-33,9-6,2000
HOU,2002,2517357,31078,30.1,27.3,106,105,1,1,11,63448417.0,2:55,Williams,,,,12,NL,162,84,78,0.518,4.6,4.3,0.3,-0.2,0.2,87-75,-3,47-34,37-44,5-8,18-25,63-62,21-16,20-35,64-43,5-7,2001
HOU,2003,2454241,30299,31.1,27.6,103,102,1,1,9,71040000.0,2:50,Williams,,,,10,NL,162,87,75,0.537,5.0,4.2,0.8,-0.1,0.7,94-68,-7,48-33,39-42,3-8,19-21,69-59,18-16,37-45,50-30,11-7,2002
HOU,2004,3087872,38122,31.7,29.6,101,100,1,4,11,75397000.0,2:52,Williams and Garner,,,,8,NL,162,92,70,0.568,5.0,4.3,0.6,0.0,0.6,91-71,1,48-33,44-37,3-7,24-18,73-53,19-17,41-41,51-29,7-5,2003
HOU,2005,2804760,34627,30.3,30.3,101,100,1,4,10,76779000.0,2:43,Garner,,,,8,NL,163,89,73,0.549,4.3,3.7,0.5,-0.2,0.3,91-71,-2,53-28,36-45,4-4,25-21,64-49,25-24,39-35,50-38,7-8,2004
HOU,2006,3022763,37318,30.5,29.8,100,99,1,2,9,100894435.0,2:54,Garner,,,,14,NL,162,82,80,0.506,4.5,4.4,0.1,-0.4,-0.3,83-79,-1,44-37,38-43,5-10,25-21,60-64,22-16,21-28,61-52,7-11,2005
HOU,2007,3020405,37289,31.4,30.2,100,100,1,2,11,87759000.0,2:55,Garner and Cooper,,,,22,NL,162,73,89,0.451,4.5,5.0,-0.6,-0.3,-0.9,72-90,1,42-39,31-50,9-10,25-26,51-66,22-23,38-48,35-41,9-9,2006
HOU,2008,2779487,34744,31.1,30.9,97,98,0,2,13,87946807.0,2:52,Cooper,,,,11,NL,161,86,75,0.534,4.4,4.6,-0.2,-0.2,-0.4,77-84,9,47-33,39-42,5-3,21-21,60-55,26-20,43-46,43-29,7-11,2007
HOU,2009,2521076,31124,31.6,31.2,98,98,0,2,12,105804414.0,2:51,Cooper and Clark,,,,23,NL,162,74,88,0.457,4.0,4.8,-0.8,-0.2,-1.0,68-94,6,44-37,30-51,3-7,24-23,57-67,17-21,40-45,34-43,6-9,2008
HOU,2010,2331490,28784,29.5,29.6,97,98,0,1,7,93216000.0,2:49,Mills,,,,22,NL,162,76,86,0.469,3.8,4.5,-0.7,-0.1,-0.9,68-94,8,42-39,34-47,7-6,21-18,49-68,27-18,30-47,46-39,3-12,2009
HOU,2011,2067016,25519,28.2,27.2,98,99,0,1,5,71110500.0,2:56,Mills,,,,30,NL,162,56,106,0.346,3.8,4.9,-1.1,-0.1,-1.2,62-100,-6,31-50,25-56,5-13,20-28,34-80,22-26,24-56,32-50,4-11,2010
HOU,2012,1607733,19849,26.6,27.2,100,102,0,1,4,37651000.0,3:02,Mills and DeFrancesco,,,,30,NL,162,55,107,0.34,3.6,4.9,-1.3,-0.1,-1.4,59-103,-4,35-46,20-61,1-11,17-27,40-80,15-27,29-68,26-39,6-9,2011
HOU,2013,1651883,20394,26.0,27.2,99,101,0,1,3,14672300.0,3:12,Porter,,,,30,AL,162,51,111,0.315,3.8,5.2,-1.5,0.2,-1.2,57-105,-6,24-57,27-54,4-8,18-36,38-78,13-33,18-76,33-35,8-12,2012
HOU,2014,1751829,21628,25.7,27.9,101,102,0,1,2,44736800.0,3:10,Porter and Lawless,31.0,19.0,61%,26,AL,162,70,92,0.432,3.9,4.5,-0.6,0.3,-0.3,71-91,-1,38-43,32-49,6-5,17-28,49-66,21-26,43-58,27-34,5-15,2013
KCR,2000,1564847,19319,27.5,25.8,103,103,0,2,6,24903000.0,3:01,Muser,,,,19,AL,162,77,85,0.475,5.4,5.7,-0.3,0.1,-0.2,77-85,0,42-39,35-46,7-8,21-26,59-61,18-24,41-52,36-33,8-10,1999
KCR,2001,1536371,18968,28.2,27.3,106,107,0,1,8,35422500.0,2:53,Muser,,,,27,AL,162,65,97,0.401,4.5,5.3,-0.8,0.0,-0.8,69-93,-4,35-46,30-51,6-7,11-24,51-63,14-34,33-66,32-31,8-10,2000
KCR,2002,1323036,16334,29.2,27.8,110,111,0,1,7,47257000.0,2:54,"Muser, Mizerock and Pena",,,,27,AL,162,62,100,0.383,4.5,5.5,-1.0,0.0,-1.0,67-95,-5,37-44,25-56,7-12,14-27,47-77,15-23,24-62,38-38,5-13,2001
KCR,2003,1779895,22249,29.2,28.0,107,108,0,2,8,40518000.0,2:46,Pena,,,,17,AL,162,83,79,0.512,5.2,5.4,-0.2,-0.2,-0.4,78-84,5,40-40,43-39,5-4,18-22,59-55,24-24,36-53,47-26,9-9,2002
KCR,2004,1661478,20768,28.9,27.4,101,103,0,1,10,47609000.0,2:47,Pena,,,,29,AL,162,58,104,0.358,4.4,5.6,-1.1,0.1,-1.0,64-98,-6,33-47,25-57,4-7,14-19,36-79,22-25,25-62,33-42,6-12,2003
KCR,2005,1371181,16928,27.9,25.7,99,101,0,1,6,36881000.0,2:48,"Pena, Schaefer and Bell",,,,30,AL,162,56,106,0.346,4.3,5.8,-1.4,0.3,-1.1,60-102,-4,34-47,22-59,4-8,18-30,39-68,17-38,28-61,28-45,9-9,2004
KCR,2006,1372638,16946,29.6,27.7,101,103,0,1,9,47694000.0,2:56,Bell,,,,29,AL,162,62,100,0.383,4.7,6.0,-1.3,0.6,-0.8,63-99,-1,34-47,28-53,6-6,14-24,49-64,13-36,40-69,22-31,10-8,2005
KCR,2007,1616867,19961,27.9,27.1,100,101,0,1,10,67691500.0,2:57,Bell,,,,28,AL,162,69,93,0.426,4.4,4.8,-0.4,0.3,-0.2,74-88,-5,35-46,34-47,5-8,21-22,50-67,19-26,34-50,35-43,10-8,2006
KCR,2008,1578922,19493,28.0,27.6,98,99,0,1,8,59445500.0,2:53,Hillman,,,,20,AL,162,75,87,0.463,4.3,4.8,-0.6,0.4,-0.1,72-90,3,38-43,37-44,7-6,20-18,39-63,36-24,41-62,34-25,13-5,2007
KCR,2009,1797891,22196,27.8,28.7,97,99,0,1,6,76817333.0,2:54,Hillman,,,,26,AL,162,65,97,0.401,4.2,5.2,-1.0,0.2,-0.8,66-96,-1,33-48,32-49,6-3,16-25,45-61,20-36,31-60,34-37,8-10,2008
KCR,2010,1615327,19942,28.8,27.5,99,101,0,1,8,73105210.0,2:51,Hillman and Yost,,,,26,AL,162,67,95,0.414,4.2,5.2,-1.0,0.2,-0.9,65-97,2,38-43,29-52,10-8,27-30,55-71,12-24,44-69,23-26,8-10,2009
KCR,2011,1724450,21290,25.8,26.4,99,100,0,1,7,35712000.0,2:54,Yost,,,,24,AL,162,71,91,0.438,4.5,4.7,-0.2,0.0,-0.2,78-84,-7,40-41,31-50,10-8,25-32,55-65,16-26,30-43,41-48,5-13,2010
KCR,2012,1739859,21480,26.1,27.3,102,102,0,1,6,61747075.0,2:57,Yost,,,,23,AL,162,72,90,0.444,4.2,4.6,-0.4,0.1,-0.3,74-88,-2,37-44,35-46,8-7,27-26,48-62,24-28,47-50,25-40,8-10,2011
KCR,2013,1750754,21614,27.0,28.9,103,103,0,3,9,87426250.0,2:55,Yost,,,,13,AL,162,86,76,0.531,4.0,3.7,0.3,0.1,0.4,87-75,-1,44-37,42-39,11-4,31-25,62-52,24-24,44-45,42-31,9-11,2012
KCR,2014,1956482,24154,28.3,28.9,105,104,0,3,8,89804075.0,3:02,Yost,35.0,22.0,62%,7,AL,162,89,73,0.549,4.0,3.9,0.2,0.1,0.2,84-78,5,42-39,47-34,5-7,22-25,65-52,24-21,44-45,45-28,15-5,2013
LAA,2005,3404686,42033,29.7,28.5,98,97,0,3,12,94867822.0,2:50,Scioscia,,,,3,AL,162,95,67,0.586,4.7,4.0,0.7,0.3,1.0,93-69,2,49-32,46-35,9-10,33-26,70-42,25-25,44-35,51-32,12-6,2004
LAA,2006,3406790,42059,28.8,27.9,100,99,0,1,15,103472000.0,2:48,Scioscia,,,,7,AL,162,89,73,0.549,4.7,4.5,0.2,0.4,0.6,84-78,5,45-36,44-37,8-7,25-22,59-52,30-21,39-38,50-35,7-11,2005
LAA,2007,3365632,41551,28.6,28.4,101,100,0,3,14,109251333.0,2:51,Scioscia,,,,3,AL,162,94,68,0.58,5.1,4.5,0.6,0.2,0.8,90-72,4,54-27,40-41,7-3,25-19,75-47,19-21,41-28,53-40,14-4,2006
LAA,2008,3336747,41194,28.9,27.6,102,102,0,3,15,119216333.0,2:47,Scioscia,,,,1,AL,162,100,62,0.617,4.7,4.3,0.4,0.3,0.7,88-74,12,50-31,50-31,3-5,31-21,67-46,33-16,46-30,54-32,10-8,2007
LAA,2009,3240386,40005,29.6,28.6,99,98,0,3,14,118169000.0,2:56,Scioscia,,,,2,AL,162,97,65,0.599,5.5,4.7,0.8,0.3,1.0,92-70,5,49-32,48-33,7-4,27-18,60-48,37-17,50-44,47-21,14-4,2008
LAA,2010,3250814,40134,29.6,28.3,96,96,0,2,15,104963866.0,2:54,Scioscia,,,,18,AL,162,80,82,0.494,4.2,4.3,-0.1,0.1,0.0,79-83,1,43-38,37-44,9-7,24-25,57-54,23-28,46-60,34-22,11-7,2009
LAA,2011,3166321,39090,28.9,28.4,92,92,0,3,13,138543166.0,2:53,Scioscia,,,,11,AL,162,86,76,0.531,4.1,3.9,0.2,0.1,0.3,85-77,1,45-36,41-40,8-13,27-31,54-48,32-28,32-38,54-38,13-5,2010
LAA,2012,3061770,37800,28.8,30.1,94,93,0,4,16,140581000.0,2:57,Scioscia,,,,10,AL,162,89,73,0.549,4.7,4.3,0.4,0.2,0.7,88-74,1,46-35,43-38,3-4,18-18,62-51,27-22,49-47,40-26,12-6,2011
LAA,2013,3019505,37278,27.8,29.1,94,94,0,1,9,116532500.0,3:12,Scioscia,,,,17,AL,162,78,84,0.481,4.5,4.5,0.0,0.1,0.0,81-81,-3,39-42,39-42,8-8,24-28,60-58,18-26,42-55,36-29,10-10,2012
LAA,2014,3095935,38221,29.3,28.4,96,95,0,2,12,128667000.0,3:15,Scioscia,36.0,20.0,55%,1,AL,162,98,64,0.605,4.8,3.9,0.9,0.1,1.0,96-66,2,52-29,46-35,10-7,27-22,70-44,28-20,41-43,57-21,12-8,2013
LAD,2000,2880242,35559,29.6,29.5,94,93,0,2,14,88124286.0,3:03,Johnson,,,,10,NL,162,86,76,0.531,4.9,4.5,0.4,0.0,0.4,88-74,-2,44-37,42-39,9-5,25-21,67-51,19-25,40-46,46-30,6-9,1999
LAD,2001,3017143,37249,30.2,30.5,92,91,0,2,15,109105953.0,3:00,Tracy,,,,12,NL,162,86,76,0.531,4.7,4.6,0.1,0.2,0.3,82-80,4,44-37,42-39,7-6,29-29,61-58,25-18,41-40,45-36,6-9,2000
LAD,2002,3131255,38657,30.0,31.0,92,92,0,3,15,94850953.0,2:55,Tracy,,,,11,NL,162,92,70,0.568,4.4,4.0,0.4,0.0,0.4,89-73,3,46-35,46-35,7-4,33-15,68-55,24-15,38-34,54-36,12-6,2001
LAD,2003,3138626,38748,29.9,31.2,94,94,1,3,19,105872620.0,2:46,Tracy,,,,14,NL,162,85,77,0.525,3.5,3.4,0.1,-0.1,0.0,83-79,2,46-35,39-42,6-10,26-23,61-61,24-16,41-47,44-30,11-7,2002
LAD,2004,3488283,43065,28.9,29.5,95,95,0,2,16,92902001.0,2:51,Tracy,,,,5,NL,162,93,69,0.574,4.7,4.2,0.5,-0.2,0.3,89-73,4,49-32,44-37,11-3,32-16,70-47,23-22,44-43,49-26,10-8,2003
LAD,2005,3603646,44489,28.7,28.5,98,97,0,2,15,83039000.0,2:50,Tracy,,,,24,NL,162,71,91,0.438,4.2,4.7,-0.4,-0.5,-0.9,74-88,-3,40-41,31-50,7-5,20-23,55-69,16-22,36-44,35-47,5-13,2004
LAD,2006,3758545,46402,29.9,30.4,101,100,1,2,23,98447187.0,2:53,Little,,,,9,NL,162,88,74,0.543,5.1,4.6,0.4,-0.3,0.1,88-74,0,49-32,39-42,3-8,20-20,69-58,19-16,19-38,69-36,5-10,2005
LAD,2007,3857036,47618,29.7,31.1,101,100,0,3,20,108454524.0,2:54,Little,,,,16,NL,162,82,80,0.506,4.5,4.5,0.0,-0.2,-0.1,82-80,0,43-38,39-42,9-4,28-20,56-58,26-22,48-54,34-26,5-10,2006
LAD,2008,3730553,46056,28.5,29.5,98,97,1,1,18,118588536.0,2:57,Torre,,,,15,NL,162,84,78,0.518,4.3,4.0,0.3,-0.5,-0.1,87-75,-3,48-33,36-45,6-12,19-24,53-57,31-21,37-41,47-37,5-10,2007
LAD,2009,3761655,46440,29.7,27.8,95,95,0,3,19,102117592.0,3:08,Torre,,,,3,NL,162,95,67,0.586,4.8,3.8,1.0,-0.2,0.8,99-63,-4,50-31,45-36,12-9,28-22,68-47,27-20,48-35,47-32,9-9,2008
LAD,2010,3562320,43979,30.2,28.1,96,96,0,4,17,95358016.0,3:01,Torre,,,,19,NL,162,80,82,0.494,4.1,4.3,-0.2,0.0,-0.2,78-84,2,45-36,35-46,9-4,26-24,57-55,23-27,42-51,38-31,4-11,2009
LAD,2011,2935139,36236,29.8,28.6,96,96,0,3,13,103785477.0,3:02,Mattingly,,,,13,NL,161,82,79,0.509,4.0,3.8,0.2,-0.2,0.0,84-77,-2,42-39,40-40,8-3,23-21,58-59,24-20,33-38,49-41,6-9,2010
LAD,2012,3324246,41040,30.4,29.0,96,96,0,2,14,177033600.0,3:05,Mattingly,,,,13,NL,162,86,76,0.531,3.9,3.7,0.2,-0.1,0.1,86-76,0,45-36,41-40,8-7,29-27,50-50,36-26,41-50,45-26,6-9,2011
LAD,2013,3743527,46216,30.6,28.1,96,95,0,1,19,254161000.0,3:07,Mattingly,,,,7,NL,162,92,70,0.568,4.0,3.6,0.4,-0.2,0.2,89-73,3,47-34,45-36,10-5,25-21,66-43,26-27,34-31,58-39,12-8,2012
LAD,2014,3782337,46696,29.3,29.9,96,95,0,4,17,230814600.0,3:14,Mattingly,38.0,21.0,55%,4,NL,162,94,68,0.58,4.4,3.8,0.6,-0.2,0.4,92-70,2,45-36,49-32,6-12,25-20,68-52,26-16,26-33,68-35,11-9,2013
MIA,2012,2219444,27401,28.3,28.8,102,103,0,1,12,107678000.0,2:57,Guillen,,,,25,NL,162,69,93,0.426,3.8,4.5,-0.7,0.0,-0.7,68-94,1,38-43,31-50,12-5,26-26,45-64,24-29,41-61,28-32,5-13,2011
MIA,2013,1586322,19584,27.7,26.0,102,103,0,1,4,24761900.0,2:57,Redmond,,,,29,NL,162,62,100,0.383,3.2,4.0,-0.8,-0.1,-0.9,64-98,-2,36-45,26-55,7-13,24-35,40-71,22-29,26-57,36-43,9-11,2012
MIA,2014,1732283,21386,27.4,26.4,103,104,0,2,7,42365400.0,3:05,Redmond,27.0,19.0,70%,20,NL,162,77,85,0.475,4.0,4.2,-0.2,-0.1,-0.3,78-84,-1,42-39,35-46,9-12,35-29,57-69,20-16,25-35,52-50,13-7,2013
MIL,2000,1573621,19427,28.8,27.4,97,98,0,1,9,37305333.0,3:04,Lopes,,,,22,NL,163,73,89,0.451,4.5,5.1,-0.5,0.0,-0.6,73-89,0,42-39,31-50,13-9,26-21,59-68,14-21,35-48,38-41,6-9,1999
MIL,2001,2811041,34704,29.4,27.3,97,98,0,1,10,43886833.0,2:55,Lopes,,,,23,NL,162,68,94,0.42,4.6,5.0,-0.4,0.0,-0.4,75-87,-7,36-45,32-49,5-7,13-25,54-74,14-20,42-57,26-37,5-10,2000
MIL,2002,1969153,24311,29.9,26.8,98,99,0,2,8,50287833.0,2:51,Lopes and Royster,,,,28,NL,162,56,106,0.346,3.9,5.1,-1.2,0.0,-1.2,61-101,-5,31-50,25-56,3-10,14-28,47-83,9-23,24-53,32-53,2-10,2001
MIL,2003,1700354,20992,29.8,27.6,98,100,0,2,9,40627000.0,2:50,Yost,,,,26,NL,162,68,94,0.42,4.4,5.4,-1.0,0.0,-0.9,66-96,2,31-50,37-44,6-10,25-21,52-72,16-22,35-68,33-26,5-7,2002
MIL,2004,2062382,25462,28.5,27.2,100,101,0,2,7,27528500.0,2:55,Yost,,,,26,NL,161,67,94,0.416,3.9,4.7,-0.8,0.1,-0.7,68-93,-1,36-45,31-49,5-12,18-20,56-73,11-21,37-61,30-33,8-4,2003
MIL,2005,2211023,27297,28.4,28.0,100,101,0,1,14,39934833.0,2:53,Yost,,,,15,NL,162,81,81,0.5,4.5,4.3,0.2,-0.2,0.0,84-78,-3,46-35,35-46,3-8,21-21,54-61,27-20,36-47,45-34,8-7,2004
MIL,2006,2335643,28835,28.8,28.3,101,101,0,3,13,57970333.0,2:52,Yost,,,,24,NL,162,75,87,0.463,4.5,5.1,-0.6,-0.4,-1.0,71-91,4,48-33,27-54,7-2,27-27,56-67,19-20,28-37,47-50,6-9,2005
MIL,2007,2869144,35422,27.7,29.1,100,100,0,4,14,70986500.0,2:53,Yost,,,,14,NL,162,83,79,0.512,4.9,4.8,0.2,-0.4,-0.2,83-79,0,51-30,32-49,8-6,22-21,55-56,28-23,27-37,56-42,8-7,2006
MIL,2008,3068458,37882,28.7,29.9,98,98,0,3,13,80937499.0,2:55,Yost and Sveum,,,,6,NL,162,90,72,0.556,4.6,4.3,0.4,-0.3,0.1,87-75,3,49-32,41-40,12-8,28-17,57-52,33-20,41-48,49-24,7-8,2007
MIL,2009,3037451,37499,29.3,30.0,98,98,0,3,10,81384502.0,3:00,Macha,,,,17,NL,162,80,82,0.494,4.8,5.0,-0.2,-0.3,-0.5,78-84,2,40-41,40-41,5-5,20-23,59-64,21-18,35-50,45-32,5-10,2008
MIL,2010,2776531,34278,27.8,29.2,100,100,0,3,11,81108278.0,3:03,Macha,,,,21,NL,162,77,85,0.475,4.6,5.0,-0.3,-0.2,-0.6,76-86,1,40-41,37-44,8-5,26-23,52-60,25-25,28-46,49-39,9-6,2009
MIL,2011,3071373,37918,28.9,29.3,103,103,0,3,12,86636333.0,2:56,Roenicke,,,,4,NL,162,96,66,0.593,4.5,3.9,0.5,-0.2,0.3,90-72,6,57-24,39-42,7-7,30-18,78-48,18-18,27-34,69-32,6-9,2010
MIL,2012,2831385,34955,29.2,29.0,105,104,0,1,14,95717000.0,3:08,Roenicke,,,,15,NL,162,83,79,0.512,4.8,4.5,0.3,-0.3,0.0,85-77,-2,49-32,34-47,7-11,24-32,57-58,26-21,32-41,51-38,6-9,2011
MIL,2013,2531105,31248,27.9,28.8,103,103,0,2,9,86945000.0,3:03,Roenicke,,,,21,NL,162,74,88,0.457,4.0,4.2,-0.3,0.0,-0.3,76-86,-2,37-44,37-44,6-7,18-25,58-60,16-28,34-56,40-32,6-14,2012
MIL,2014,2797384,34536,28.8,29.0,102,103,0,4,10,109567000.0,3:07,Roenicke,27.0,17.0,62%,15,NL,162,82,80,0.506,4.0,4.1,0.0,-0.2,-0.2,80-82,2,42-39,40-41,7-6,23-19,60-62,22-18,33-33,49-47,11-9,2013
MIN,2000,1000760,12355,26.5,26.6,104,105,0,1,12,17529500.0,2:59,Kelly,,,,27,AL,162,69,93,0.426,4.6,5.4,-0.8,0.1,-0.7,69-93,0,36-45,33-48,7-9,22-26,58-64,11-29,38-56,31-37,7-11,1999
MIN,2001,1782929,22011,26.4,27.4,101,101,0,3,15,24130000.0,2:56,Kelly,,,,13,AL,162,85,77,0.525,4.8,4.7,0.0,-0.1,-0.1,81-81,4,47-34,38-43,8-7,25-19,67-56,18-21,34-43,51-34,9-9,2000
MIN,2002,1924473,23759,26.8,28.8,100,100,0,3,11,40425000.0,2:54,Gardenhire,,,,8,AL,161,94,67,0.584,4.8,4.4,0.3,-0.2,0.2,86-75,8,54-27,40-40,10-4,29-16,71-38,23-29,28-33,66-34,10-8,2001
MIN,2003,1946011,24025,27.3,29.7,101,100,0,1,15,55505000.0,2:47,Gardenhire,,,,8,AL,162,90,72,0.556,4.9,4.7,0.3,-0.3,0.0,85-77,5,48-33,42-39,9-8,22-20,65-43,25-29,39-42,51-30,10-8,2002
MIN,2004,1911490,23599,27.9,28.2,102,102,0,1,13,53890000.0,2:48,Gardenhire,,,,7,AL,162,92,70,0.568,4.8,4.4,0.4,-0.1,0.3,87-75,5,49-32,43-38,12-6,24-16,62-47,30-23,28-29,64-41,11-7,2003
MIN,2005,2034243,25114,27.6,27.9,102,102,0,2,13,56186000.0,2:43,Gardenhire,,,,11,AL,162,83,79,0.512,4.2,4.1,0.2,0.2,0.3,84-78,-1,45-36,38-43,15-8,27-30,59-55,24-24,33-45,50-34,8-10,2004
MIN,2006,2285018,28210,28.2,26.9,98,98,0,3,17,63396006.0,2:46,Gardenhire,,,,3,AL,162,96,66,0.593,4.9,4.2,0.7,0.3,1.1,93-69,3,54-27,42-39,10-4,20-11,62-40,34-26,41-38,55-28,16-2,2005
MIN,2007,2296383,28350,28.4,27.4,95,95,0,3,13,71439500.0,2:48,Gardenhire,,,,17,AL,162,79,83,0.488,4.4,4.5,0.0,0.3,0.2,80-82,-1,41-40,38-43,5-7,22-22,57-59,22-24,36-54,43-29,11-7,2006
MIN,2008,2302431,28425,26.4,27.5,96,96,0,3,11,56932766.0,2:53,Gardenhire,,,,10,AL,163,88,75,0.54,5.1,4.6,0.5,0.3,0.8,89-74,-1,53-28,35-47,8-10,26-26,59-51,29-24,40-43,48-32,14-4,2007
MIN,2009,2416237,29466,27.7,27.9,98,98,0,3,11,67804266.0,2:56,Gardenhire,,,,11,AL,163,87,76,0.534,5.0,4.7,0.3,0.1,0.4,86-77,1,49-33,38-43,7-7,24-20,59-44,28-32,36-38,51-38,12-6,2008
MIN,2010,3223640,39798,28.5,28.6,98,98,0,2,13,97559166.0,2:51,Gardenhire,,,,4,AL,162,94,68,0.58,4.8,4.1,0.7,0.0,0.7,92-70,2,53-28,41-40,9-5,31-23,62-44,32-24,50-42,44-26,8-10,2009
MIN,2011,3168116,39113,27.6,28.5,99,99,0,1,9,112737000.0,2:50,Gardenhire,,,,29,AL,162,63,99,0.389,3.8,5.0,-1.1,0.2,-1.0,62-100,1,33-48,30-51,6-4,27-32,42-73,21-26,25-56,38-43,8-10,2010
MIN,2012,2776354,34276,28.8,27.8,98,100,0,1,7,99066000.0,2:59,Gardenhire,,,,27,AL,162,66,96,0.407,4.3,5.1,-0.8,0.1,-0.7,68-94,-2,31-50,35-46,8-5,26-28,44-67,22-29,33-63,33-33,9-9,2011
MIN,2013,2477644,30588,28.3,28.3,101,102,0,2,4,63042500.0,3:06,Gardenhire,,,,26,AL,162,66,96,0.407,3.8,4.9,-1.1,0.2,-0.9,63-99,3,32-49,34-47,9-7,24-25,50-75,16-21,33-71,33-25,8-12,2012
MIN,2014,2250606,27785,27.6,29.2,102,103,0,2,6,87044000.0,3:07,Gardenhire,37.0,20.0,54%,27,AL,162,70,92,0.432,4.4,4.8,-0.4,0.1,-0.3,75-87,-5,35-46,35-46,6-7,21-24,46-60,24-32,44-64,26-28,9-11,2013
MON,2000,926272,11435,26.2,26.1,103,104,0,2,7,32994333.0,2:51,Alou,,,,28,NL,162,67,95,0.414,4.6,5.6,-1.0,0.0,-1.1,66-96,1,37-44,30-51,4-4,23-24,48-71,19-24,31-57,36-38,7-11,1999
MON,2001,642745,7935,27.6,27.4,101,102,0,1,7,35159500.0,2:51,Alou and Torborg,,,,24,NL,162,68,94,0.42,4.1,5.0,-0.9,0.0,-0.9,67-95,1,34-47,34-47,5-4,13-15,47-69,21-25,39-61,29-33,8-10,2000
MON,2002,812045,10025,28.2,27.7,103,103,0,2,9,38670500.0,2:55,Robinson,,,,13,NL,162,83,79,0.512,4.5,4.4,0.1,-0.1,0.0,83-79,0,49-32,34-47,13-6,30-22,65-61,18-18,22-31,61-48,12-6,2001
MON,2003,1025639,12662,27.7,26.7,105,105,0,1,6,51948500.0,2:49,Robinson,,,,18,NL,162,83,79,0.512,4.4,4.4,0.0,0.2,0.2,80-82,3,52-29,31-50,9-8,22-24,62-59,21-20,44-62,39-17,9-9,2002
MON,2004,749550,9369,27.5,26.5,104,105,0,1,5,41197500.0,2:51,Robinson,,,,27,NL,162,67,95,0.414,3.9,4.7,-0.8,0.0,-0.8,67-95,0,35-45,32-50,5-8,16-30,46-67,21-28,36-65,31-30,7-11,2003
NYM,2000,2820530,34821,30.4,31.0,96,96,1,3,12,79509776.0,3:04,Valentine,,,,5,NL,162,94,68,0.58,5.0,4.6,0.4,-0.1,0.3,88-74,6,55-26,39-42,10-8,29-20,76-55,18-13,42-36,52-32,9-9,1999
NYM,2001,2658330,32819,30.4,31.1,95,95,0,2,10,93174428.0,3:02,Valentine,,,,16,NL,162,82,80,0.506,4.0,4.4,-0.4,0.0,-0.5,73-89,9,44-37,38-43,10-10,30-20,67-63,15-17,40-44,42-36,10-8,2000
NYM,2002,2804838,34628,30.6,30.3,96,97,1,1,11,94633593.0,3:01,Valentine,,,,19,NL,161,75,86,0.466,4.3,4.4,-0.1,0.0,-0.1,79-82,-4,38-43,37-43,5-9,27-26,57-65,18-21,30-51,45-35,10-8,2001
NYM,2003,2140599,26757,29.3,31.6,97,98,2,1,17,117176429.0,2:52,Howe,,,,27,NL,161,66,95,0.41,4.0,4.7,-0.7,0.2,-0.4,69-92,-3,34-46,32-49,1-6,15-28,48-70,18-25,43-78,23-17,5-10,2002
NYM,2004,2318951,28629,29.8,32.5,98,99,1,2,15,102035970.0,2:59,Howe,,,,22,NL,162,71,91,0.438,4.2,4.5,-0.3,0.0,-0.3,76-86,-5,38-43,33-48,11-6,23-24,54-64,17-27,38-65,33-26,10-8,2003
NYM,2005,2829929,34937,28.8,31.9,97,97,2,3,13,101305821.0,2:50,Randolph,,,,12,NL,162,83,79,0.512,4.5,4.0,0.5,-0.1,0.4,89-73,-6,48-33,35-46,8-6,21-24,65-58,18-21,57-58,26-21,5-10,2004
NYM,2006,3379535,41723,30.2,32.2,98,97,2,6,15,101584963.0,2:54,Randolph,,,,1,NL,162,97,65,0.599,5.1,4.5,0.6,-0.3,0.3,91-71,6,50-31,47-34,9-5,31-16,72-43,25-22,33-24,64-41,6-9,2005
NYM,2007,3853955,47580,30.8,31.3,98,97,2,4,18,116181663.0,2:57,Randolph,,,,10,NL,162,88,74,0.543,5.0,4.6,0.3,-0.2,0.1,86-76,2,41-40,47-34,7-8,22-15,59-50,29-24,41-46,47-28,8-7,2006
NYM,2008,4042045,49902,30.1,29.0,98,98,1,2,11,137793376.0,3:02,Randolph and Manuel,,,,7,NL,162,89,73,0.549,4.9,4.4,0.5,-0.4,0.1,89-73,0,48-33,41-40,9-9,16-19,55-52,34-21,46-38,43-35,9-6,2007
NYM,2009,3168571,39118,29.5,29.2,97,97,0,4,12,151994237.0,2:55,Manuel,,,,24,NL,162,70,92,0.432,4.1,4.7,-0.5,-0.1,-0.6,72-90,-2,41-40,29-52,4-7,19-24,54-65,16-27,39-63,31-29,5-10,2008
NYM,2010,2559738,31602,28.4,29.5,97,97,0,2,9,134422942.0,2:57,Manuel,,,,20,NL,162,79,83,0.488,4.0,4.0,0.0,0.0,0.0,81-81,-2,47-34,32-49,7-9,25-30,57-66,22-17,37-42,42-41,13-5,2009
NYM,2011,2352596,29044,28.0,30.0,96,96,0,2,10,151897309.0,2:59,Collins,,,,19,NL,162,77,85,0.475,4.4,4.6,-0.1,0.0,-0.1,79-83,-2,34-47,43-38,7-7,21-28,59-63,18-22,38-44,39-41,9-9,2010
NYM,2012,2242803,27689,27.9,30.3,95,96,0,2,7,91621424.0,2:56,Collins,,,,21,NL,162,74,88,0.457,4.0,4.4,-0.4,0.0,-0.4,75-87,-1,36-45,38-43,3-7,20-22,53-50,21-38,46-62,28-26,8-7,2011
NYM,2013,2135657,26366,28.3,29.1,94,95,0,2,5,69059860.0,3:08,Collins,,,,20,NL,162,74,88,0.457,3.8,4.2,-0.4,-0.2,-0.6,74-88,0,33-48,41-40,8-12,29-28,49-62,25-26,33-51,41-37,11-9,2012
NYM,2014,2148808,26528,28.4,28.9,94,95,0,1,7,82663615.0,3:08,Collins,31.0,14.0,45%,17,NL,162,79,83,0.488,3.9,3.8,0.1,-0.1,0.0,82-80,-3,40-41,39-42,7-8,26-29,62-67,17-16,24-43,55-40,11-9,2013
NYY,2000,3055435,38193,31.3,32.0,99,98,0,4,23,93113260.0,3:09,Torre,,,,9,AL,161,87,74,0.54,5.4,5.1,0.4,0.0,0.4,85-76,2,44-36,43-38,4-4,20-18,65-50,22-24,42-43,45-31,11-6,1999
NYY,2001,3264907,40811,31.1,30.9,101,100,0,7,17,112787143.0,3:09,Torre,,,,3,AL,161,95,65,0.594,5.0,4.4,0.6,-0.2,0.4,89-71,6,51-28,44-37,8-8,30-18,76-48,19-17,38-31,57-34,10-8,2000
NYY,2002,3465807,43323,30.1,33.1,100,99,0,6,16,125928583.0,3:09,Torre,,,,1,AL,161,103,58,0.64,5.6,4.3,1.2,0.0,1.2,99-62,4,52-28,51-30,6-7,21-21,78-47,25-11,37-25,66-33,11-7,2001
NYY,2003,3465600,42263,30.5,33.6,98,97,0,5,19,152749814.0,3:00,Torre,,,,1,AL,163,101,61,0.624,5.4,4.4,1.0,0.0,1.0,96-66,5,50-32,51-29,6-6,22-14,75-50,26-11,47-37,54-24,13-5,2002
NYY,2004,3775292,46609,32.3,32.9,98,97,0,8,21,184193950.0,2:59,Torre,,,,2,AL,162,101,61,0.624,5.5,5.0,0.5,0.0,0.6,89-73,12,57-24,44-37,5-4,24-16,65-49,36-12,35-30,66-31,10-8,2003
NYY,2005,4090696,50502,32.4,34.2,98,97,1,3,23,208306817.0,3:02,Torre,,,,4,AL,162,95,67,0.586,5.5,4.9,0.6,0.3,0.9,90-72,5,53-28,42-39,4-4,27-16,65-44,30-23,36-33,59-34,11-7,2004
NYY,2006,4248067,52445,30.9,32.5,101,99,1,4,16,194663079.0,3:08,Torre,,,,2,AL,162,97,65,0.599,5.7,4.7,1.0,0.2,1.2,95-67,2,50-31,47-34,7-3,24-22,66-48,31-17,45-39,52-26,10-8,2005
NYY,2007,4271083,52729,30.7,31.4,101,100,0,3,16,207039045.0,3:14,Torre,,,,4,AL,162,94,68,0.58,6.0,4.8,1.2,0.2,1.4,97-65,-3,52-29,42-39,4-9,18-21,74-49,20-19,44-37,50-31,10-8,2006
NYY,2008,4298655,53070,31.3,30.6,103,101,0,3,18,212286789.0,3:05,Girardi,,,,8,AL,162,89,73,0.549,4.9,4.5,0.4,0.5,0.8,87-75,2,48-33,41-40,7-3,27-18,65-51,24-22,51-46,38-27,10-8,2007
NYY,2009,3719358,45918,30.5,29.3,105,103,0,3,15,210330039.0,3:11,Girardi,,,,1,AL,162,103,59,0.636,5.6,4.6,1.0,0.3,1.3,95-67,8,57-24,46-35,7-3,22-16,67-41,36-18,52-35,51-24,10-8,2008
NYY,2010,3765807,46491,30.2,30.3,106,104,0,8,18,210733389.0,3:09,Girardi,,,,3,AL,162,95,67,0.586,5.3,4.3,1.0,0.1,1.1,97-65,-2,52-29,43-38,7-7,20-19,64-40,31-27,51-44,44-23,11-7,2009
NYY,2011,3653680,45107,30.5,31.0,106,105,0,8,17,206275028.0,3:08,Girardi,,,,2,AL,162,97,65,0.599,5.4,4.1,1.3,0.1,1.4,101-61,-4,52-29,45-36,4-12,21-24,62-48,35-17,44-38,53-27,13-5,2010
NYY,2012,3542406,43733,32.7,30.3,104,103,0,4,18,197977900.0,3:07,Girardi,,,,3,AL,162,95,67,0.586,5.0,4.1,0.8,0.2,1.1,95-67,0,51-30,44-37,6-3,22-25,58-43,37-24,47-44,48-23,13-5,2011
NYY,2013,3279589,40489,31.8,31.8,100,100,0,2,15,246534750.0,3:05,Girardi,,,,15,AL,162,85,77,0.525,4.0,4.1,-0.1,0.2,0.1,79-83,6,46-35,39-42,6-6,30-16,53-54,32-23,45-52,40-25,9-11,2012
NYY,2014,3401624,41995,32.5,29.3,100,101,0,3,17,258118959.0,3:12,Girardi,28.0,23.0,82%,13,AL,162,84,78,0.518,3.9,4.1,-0.2,0.1,0.0,77-85,7,43-38,41-40,7-7,28-24,60-58,24-20,41-45,43-33,13-7,2013
OAK,2000,1603744,19799,27.5,29.5,96,95,0,3,12,33172333.0,3:08,Howe,,,,6,AL,161,91,70,0.565,5.9,5.0,0.8,0.1,0.9,92-69,-1,47-34,44-36,8-5,21-19,70-44,21-26,49-42,42-28,11-7,1999
OAK,2001,2133277,26337,27.5,28.0,98,97,0,1,11,33810750.0,3:03,Howe,,,,2,AL,162,102,60,0.63,5.5,4.0,1.5,0.1,1.5,104-58,-2,53-28,49-32,7-7,21-19,68-38,34-22,42-32,60-28,12-6,2000
OAK,2002,2169811,26788,28.6,27.4,98,97,0,2,10,40004167.0,3:01,Howe,,,,2,AL,162,103,59,0.636,4.9,4.0,0.9,0.2,1.1,96-66,7,54-27,49-32,5-6,32-14,83-45,20-14,46-38,57-21,16-2,2001
OAK,2003,2216596,27365,28.4,27.4,99,98,0,4,10,50260834.0,2:46,Macha,,,,4,AL,162,96,66,0.593,4.7,4.0,0.8,0.0,0.8,94-68,2,57-24,39-42,10-4,25-20,70-47,26-19,44-43,52-23,9-9,2002
OAK,2004,2201516,27179,29.6,28.4,99,98,0,2,10,59425667.0,2:54,Macha,,,,10,AL,162,91,71,0.562,4.9,4.6,0.3,0.1,0.4,86-76,5,52-29,39-42,12-7,33-19,62-53,29-18,39-46,52-25,10-8,2003
OAK,2005,2109118,26038,28.6,26.6,100,100,0,1,7,55425762.0,2:45,Macha,,,,10,AL,162,88,74,0.543,4.8,4.1,0.7,0.3,1.0,93-69,-5,45-36,43-38,10-4,26-24,60-56,28-18,37-41,51-33,10-8,2004
OAK,2006,1976625,24403,29.5,27.0,97,97,1,1,10,64843079.0,2:47,Macha,,,,5,AL,162,93,69,0.574,4.8,4.5,0.3,0.4,0.7,85-77,8,49-32,44-37,9-4,32-22,70-51,23-18,42-37,51-32,8-10,2005
OAK,2007,1921844,23726,28.8,26.9,94,94,0,1,10,79366940.0,2:53,Geren,,,,19,AL,162,76,86,0.469,4.6,4.7,-0.1,0.3,0.2,79-83,-3,40-41,36-45,11-5,25-24,52-64,24-22,38-46,38-40,10-8,2006
OAK,2008,1665256,20559,27.2,26.5,94,94,1,1,8,47967126.0,2:48,Geren,,,,19,AL,161,75,86,0.466,4.0,4.3,-0.3,0.3,0.1,76-85,-1,43-38,32-48,8-7,25-24,50-58,25-28,39-52,36-34,10-8,2007
OAK,2009,1408783,17392,29.0,25.7,98,98,0,1,7,65945000.0,2:50,Geren,,,,22,AL,162,75,87,0.463,4.7,4.7,0.0,0.4,0.3,81-81,-6,40-41,35-46,3-10,15-23,56-56,19-31,48-69,27-18,5-13,2008
OAK,2010,1418391,17511,27.7,26.0,99,99,0,2,8,57904900.0,2:44,Geren,,,,15,AL,162,81,81,0.5,4.1,3.9,0.2,0.1,0.3,85-77,-4,47-34,34-47,4-7,23-20,57-60,24-21,37-53,44-28,8-10,2009
OAK,2011,1476791,18232,29.0,27.4,98,98,0,1,8,67094000.0,2:53,Geren and Melvin,,,,20,AL,162,74,88,0.457,4.0,4.2,-0.2,0.2,0.0,77-85,-3,43-38,31-50,8-11,20-25,49-59,25-29,43-51,31-37,8-10,2010
OAK,2012,1679013,20729,27.7,27.9,95,95,0,1,13,61202500.0,3:02,Melvin,,,,5,AL,162,94,68,0.58,4.4,3.8,0.6,0.2,0.8,92-70,2,50-31,44-37,11-5,25-18,64-39,30-29,47-44,47-24,10-8,2011
OAK,2013,1809302,22337,28.3,28.3,98,97,0,2,12,69440000.0,3:05,Melvin,,,,4,AL,162,96,66,0.593,4.7,3.9,0.9,0.0,0.8,96-66,0,52-29,44-37,7-6,30-20,64-44,32-22,40-34,56-32,13-7,2012
OAK,2014,2003628,24736,29.5,28.2,99,97,0,6,12,89160900.0,3:05,Melvin,26.0,14.0,53%,10,AL,162,88,74,0.543,4.5,3.5,1.0,0.1,1.1,99-63,-11,48-33,40-41,13-8,21-28,64-49,24-25,44-40,44-34,13-7,2013
PHI,2000,1612769,19911,28.5,28.7,100,101,0,1,13,47513000.0,2:59,Francona,,,,29,NL,162,65,97,0.401,4.4,5.1,-0.8,-0.1,-0.8,69-93,-4,34-47,31-50,4-12,25-35,51-75,14-22,34-53,31-44,9-9,1999
PHI,2001,1782054,22001,26.9,28.9,97,97,0,1,10,41663833.0,2:56,Bowa,,,,11,NL,162,86,76,0.531,4.6,4.4,0.2,-0.1,0.0,84-78,2,47-34,39-42,7-8,27-22,69-58,17-18,36-45,50-31,7-11,2000
PHI,2002,1618467,20231,27.5,28.5,94,94,0,3,13,57954999.0,3:01,Bowa,,,,15,NL,161,80,81,0.497,4.4,4.5,-0.1,-0.1,-0.2,79-82,1,40-40,40-41,11-7,22-24,64-61,16-20,33-42,47-39,10-8,2001
PHI,2003,2259948,27901,28.3,29.0,93,93,0,1,13,70780000.0,2:58,Bowa,,,,13,NL,162,86,76,0.531,4.9,4.3,0.6,0.1,0.7,90-72,-4,49-32,37-44,10-3,20-18,72-59,14-17,54-49,32-27,8-7,2002
PHI,2004,3250092,40125,29.3,29.8,105,104,0,2,15,93219167.0,2:59,Bowa and Varsho,,,,14,NL,162,86,76,0.531,5.2,4.8,0.4,-0.1,0.3,86-76,0,42-39,44-37,10-8,23-20,63-53,23-23,38-45,48-31,9-9,2003
PHI,2005,2665304,32905,30.0,29.7,105,104,0,3,16,95522000.0,2:51,Manuel,,,,9,NL,162,88,74,0.543,5.0,4.5,0.5,-0.1,0.4,89-73,-1,46-35,42-39,6-4,21-23,59-55,29-19,54-54,34-20,7-8,2004
PHI,2006,2701815,33356,29.3,30.5,105,104,0,3,18,88273333.0,2:56,Manuel,,,,12,NL,162,85,77,0.525,5.3,5.0,0.3,-0.3,0.0,86-76,-1,41-40,44-37,5-11,22-23,62-55,23-22,23-33,62-44,5-13,2005
PHI,2007,3108325,38374,28.8,30.6,104,103,0,3,14,89428213.0,3:03,Manuel,,,,7,NL,162,89,73,0.549,5.5,5.1,0.4,-0.3,0.2,87-75,2,47-34,42-39,11-8,14-23,63-47,26-26,43-42,46-31,8-7,2006
PHI,2008,3422583,42254,30.1,30.6,102,101,0,2,11,97879880.0,2:55,Manuel,,,,5,NL,162,92,70,0.568,4.9,4.2,0.7,-0.4,0.4,93-69,-1,48-33,44-37,6-7,27-23,60-48,32-22,43-46,49-24,4-11,2007
PHI,2009,3600693,44453,31.3,31.2,101,100,1,5,13,115479046.0,2:56,Manuel,,,,5,NL,162,93,69,0.574,5.1,4.4,0.7,-0.2,0.4,92-70,1,45-36,48-33,11-5,24-21,64-53,29-16,40-36,53-33,6-12,2008
PHI,2010,3777322,44968,31.8,31.1,102,101,0,3,17,141928379.0,2:54,Manuel,,,,1,NL,162,97,65,0.599,4.8,4.0,0.8,0.0,0.8,95-67,2,54-30,43-35,11-6,29-17,69-45,28-20,40-28,57-37,10-8,2009
PHI,2011,3680718,45441,31.4,29.2,101,100,0,5,17,172976379.0,2:52,Manuel,,,,1,NL,162,102,60,0.63,4.4,3.3,1.1,-0.1,1.0,103-59,-1,52-29,50-31,9-10,28-19,72-46,30-14,37-25,65-35,9-6,2010
PHI,2012,3565718,44021,31.1,29.1,102,102,0,3,15,171501558.0,2:56,Manuel,,,,17,NL,162,81,81,0.5,4.2,4.2,0.0,-0.1,-0.1,81-81,0,40-41,41-40,7-10,25-27,58-51,23-30,39-43,42-38,5-10,2011
PHI,2013,3012403,37190,30.0,28.7,100,100,0,2,10,150860000.0,2:59,Manuel and Sandberg,,,,24,NL,162,73,89,0.451,3.8,4.6,-0.9,-0.1,-0.9,66-96,7,43-38,30-51,6-7,28-28,52-68,21-21,33-53,40-36,7-13,2012
PHI,2014,2423852,29924,30.8,30.1,100,101,0,1,11,176444967.0,3:09,Sandberg,32.0,14.0,43%,24,NL,162,73,89,0.451,3.8,4.2,-0.4,0.0,-0.4,73-89,0,37-44,36-45,10-11,28-27,50-67,23-22,28-40,45-49,7-13,2013
PIT,2000,1748908,21591,28.3,27.1,99,100,0,2,7,31328334.0,2:57,Lamont,,,,26,NL,162,69,93,0.426,4.9,5.5,-0.6,0.0,-0.6,73-89,-4,37-44,32-49,8-11,17-30,54-71,15-22,25-54,44-39,6-9,1999
PIT,2001,2464870,30430,27.8,28.1,103,104,0,1,11,57760833.0,2:48,McClendon,,,,30,NL,162,62,100,0.383,4.1,5.3,-1.2,0.0,-1.2,62-100,0,38-43,24-57,4-4,22-20,50-80,12-20,31-67,31-33,8-7,2000
PIT,2002,1784988,22312,27.9,28.1,102,103,0,1,6,42323599.0,2:49,McClendon,,,,22,NL,161,72,89,0.447,4.0,4.5,-0.6,-0.1,-0.7,71-90,1,38-42,34-47,4-4,27-24,53-73,19-16,25-45,47-44,3-9,2001
PIT,2003,1636751,20207,29.7,28.3,102,102,0,1,10,54812429.0,2:49,McClendon,,,,20,NL,162,75,87,0.463,4.6,4.9,-0.3,0.0,-0.3,76-86,-1,39-42,36-45,5-5,24-27,55-62,20-25,41-61,34-26,5-7,2002
PIT,2004,1580031,19750,27.2,27.7,99,99,0,1,9,32227929.0,2:48,McClendon,,,,20,NL,161,72,89,0.447,4.2,4.6,-0.4,0.0,-0.4,74-87,-2,39-41,33-48,8-7,20-26,58-68,14-21,35-62,37-27,2-10,2003
PIT,2005,1817245,22435,27.4,28.7,99,99,0,1,13,38133000.0,2:46,McClendon and Mackanin,,,,29,NL,162,67,95,0.414,4.2,4.7,-0.5,-0.2,-0.7,72-90,-5,34-47,33-48,4-8,15-28,48-68,19-27,36-58,31-37,5-7,2004
PIT,2006,1861549,22982,27.8,27.0,98,99,0,2,13,46717750.0,2:48,Tracy,,,,27,NL,162,67,95,0.414,4.3,4.9,-0.7,-0.4,-1.0,70-92,-3,43-38,24-57,5-7,24-31,54-59,13-36,23-48,44-47,3-12,2005
PIT,2007,1749142,21594,27.2,27.1,97,98,0,1,11,38537833.0,2:47,Tracy,,,,29,NL,162,68,94,0.42,4.5,5.2,-0.8,-0.3,-1.1,70-92,-2,37-44,31-50,8-7,16-22,45-69,23-25,29-59,39-35,5-10,2006
PIT,2008,1609076,19865,28.4,26.5,96,97,0,1,10,48689783.0,2:54,Russell,,,,27,NL,162,67,95,0.414,4.5,5.5,-0.9,-0.2,-1.1,67-95,0,39-42,28-53,12-6,22-21,53-67,14-28,40-70,27-25,6-9,2007
PIT,2009,1577853,19480,27.0,26.3,98,99,0,2,9,51912500.0,2:49,Russell,,,,29,NL,161,62,99,0.385,4.0,4.8,-0.8,-0.3,-1.1,67-94,-5,40-41,22-58,2-9,12-22,44-73,18-26,30-46,32-53,8-7,2008
PIT,2010,1613399,19919,26.5,28.6,98,100,0,1,8,37443000.0,2:52,Russell,,,,30,NL,162,57,105,0.352,3.6,5.3,-1.7,-0.1,-1.8,53-109,4,40-41,17-64,4-8,20-24,38-80,19-25,25-52,32-53,2-13,2009
PIT,2011,1940429,23956,27.2,28.1,95,97,0,3,11,45047000.0,3:00,Hurdle,,,,22,NL,162,72,90,0.444,3.8,4.4,-0.6,-0.2,-0.8,70-92,2,36-45,36-45,6-7,21-22,49-68,23-22,28-44,44-46,8-7,2010
PIT,2012,2091918,25826,27.6,30.2,95,95,0,2,11,70077000.0,3:01,Hurdle,,,,18,NL,162,79,83,0.488,4.0,4.2,-0.1,-0.2,-0.4,78-84,1,45-36,34-47,4-2,28-29,57-64,22-19,41-55,38-28,10-8,2011
PIT,2013,2256862,27862,27.9,28.7,95,95,0,5,15,96205000.0,3:06,Hurdle,,,,5,NL,162,94,68,0.58,3.9,3.6,0.4,0.0,0.3,88-74,6,50-31,44-37,9-9,29-23,76-55,18-13,40-34,54-34,15-5,2012
PIT,2014,2442564,30155,27.3,28.1,98,97,0,3,11,80729000.0,3:09,Hurdle,35.0,20.0,57%,9,NL,162,88,74,0.543,4.2,3.9,0.3,-0.2,0.1,87-75,1,51-30,37-44,8-7,31-29,68-61,20-13,33-39,55-35,11-9,2013
SDP,2000,2352443,29043,28.6,27.5,92,92,1,1,9,55021000.0,2:57,Bochy,,,,20,NL,162,76,86,0.469,4.6,5.0,-0.4,0.0,-0.3,75-87,1,41-40,35-46,11-13,25-27,57-56,19-30,36-63,40-23,5-10,1999
SDP,2001,2378128,29360,28.9,28.7,91,91,2,2,8,39182833.0,2:59,Bochy,,,,18,NL,162,79,83,0.488,4.9,5.0,-0.1,0.3,0.1,79-83,0,35-46,44-37,8-1,24-15,61-57,18-26,46-60,33-23,6-9,2000
SDP,2002,2220601,27415,29.1,27.8,90,91,0,1,7,41425000.0,2:53,Bochy,,,,26,NL,162,66,96,0.407,4.1,5.0,-0.9,0.1,-0.8,66-96,0,41-40,25-56,4-11,18-25,47-71,19-25,35-56,31-40,8-10,2001
SDP,2003,2030084,25063,28.5,27.8,91,92,0,1,13,45210000.0,2:53,Bochy,,,,28,NL,162,64,98,0.395,4.2,5.1,-0.9,0.1,-0.9,66-96,-2,35-46,29-52,8-8,21-20,47-68,17-30,46-67,18-31,8-10,2002
SDP,2004,3016752,37244,29.6,30.0,90,90,0,1,13,55384833.0,2:46,Bochy,,,,13,NL,162,87,75,0.537,4.7,4.4,0.4,-0.2,0.2,87-75,0,42-39,45-36,7-4,25-15,58-52,29-23,37-43,50-32,8-10,2003
SDP,2005,2869787,35429,31.1,31.0,91,91,0,1,12,63290833.0,2:47,Bochy,,,,14,NL,162,82,80,0.506,4.2,4.5,-0.3,-0.5,-0.7,77-85,5,46-35,36-45,9-8,29-20,61-57,21-23,31-29,51-51,7-11,2004
SDP,2006,2659757,32837,30.7,30.6,91,90,0,1,14,69896141.0,2:50,Bochy,,,,8,NL,162,88,74,0.543,4.5,4.2,0.3,-0.3,0.0,86-76,2,43-38,45-36,10-12,30-22,71-57,17-17,30-19,58-55,7-8,2005
SDP,2007,2790074,34445,29.9,31.5,90,90,1,3,12,58110567.0,2:48,Black,,,,8,NL,163,89,74,0.546,4.5,4.1,0.5,-0.2,0.2,89-74,0,47-34,42-40,11-10,23-26,60-52,29-22,48-51,41-23,6-9,2006
SDP,2008,2427535,29970,28.9,30.2,87,88,1,1,11,73677616.0,2:52,Black,,,,28,NL,162,63,99,0.389,3.9,4.7,-0.8,-0.4,-1.2,68-94,-5,35-46,28-53,6-8,16-28,43-62,20-37,34-57,29-42,3-15,2007
SDP,2009,1919603,23699,28.0,26.8,90,90,0,2,10,50954200.0,2:55,Black,,,,20,NL,162,75,87,0.463,3.9,4.7,-0.8,-0.1,-0.9,67-95,8,42-39,33-48,10-7,23-18,49-58,26-29,43-58,32-29,5-10,2008
SDP,2010,2131774,26318,29.1,27.2,91,91,0,2,10,37799300.0,2:56,Black,,,,9,NL,162,90,72,0.556,4.1,3.6,0.5,-0.1,0.4,91-71,-1,45-36,45-36,7-7,28-22,59-52,31-20,32-36,58-36,9-6,2009
SDP,2011,2143018,26457,28.0,28.1,93,93,0,1,8,45869140.0,2:52,Black,,,,25,NL,162,71,91,0.438,3.7,3.8,-0.1,-0.1,-0.2,79-83,-8,35-46,36-45,4-12,20-31,52-61,19-30,31-54,40-37,6-9,2010
SDP,2012,2123721,26219,27.4,28.0,91,91,0,1,7,55494700.0,2:56,Black,,,,19,NL,162,76,86,0.469,4.0,4.4,-0.4,-0.1,-0.5,75-87,1,42-39,34-47,4-6,26-21,52-55,24-31,44-61,32-25,8-7,2011
SDP,2013,2166691,26749,28.1,28.8,91,91,0,1,6,65988600.0,3:00,Black,,,,18,NL,162,76,86,0.469,3.8,4.3,-0.5,-0.1,-0.6,72-90,4,45-36,31-50,8-7,28-24,49-59,27-27,40-43,36-43,8-12,2012
SDP,2014,2195373,27103,27.9,28.8,91,91,0,2,4,76662100.0,3:01,Black,33.0,17.0,51%,18,NL,162,77,85,0.475,3.3,3.6,-0.3,-0.2,-0.4,75-87,2,48-33,29-52,10-5,33-21,58-64,19-21,35-42,42-43,9-11,2013
SEA,2000,2914624,35983,31.2,29.3,94,93,1,3,16,60495000.0,3:08,Piniella,,,,7,AL,162,91,71,0.562,5.6,4.8,0.8,0.0,0.8,92-70,-1,47-34,44-37,3-4,15-22,71-60,20-11,46-43,45-28,11-7,1999
SEA,2001,3507326,43300,31.4,30.8,94,92,0,8,19,74720834.0,3:03,Piniella,,,,1,AL,162,116,46,0.716,5.7,3.9,1.9,0.0,1.9,109-53,7,57-24,59-22,9-4,26-12,85-32,31-14,48-23,68-23,12-6,2000
SEA,2002,3542938,43740,31.2,30.2,97,95,0,3,20,80282668.0,2:58,Piniella,,,,10,AL,162,93,69,0.574,5.0,4.3,0.7,0.2,0.9,92-70,1,48-33,45-36,11-6,24-25,66-51,27-18,43-37,50-32,11-7,2001
SEA,2003,3268509,40352,31.9,29.8,95,95,0,5,20,86959167.0,2:48,Melvin,,,,6,AL,162,93,69,0.574,4.9,3.9,1.0,-0.1,0.9,97-65,-4,50-31,43-38,6-6,16-15,60-53,33-16,45-33,48-36,10-8,2002
SEA,2004,2940731,35863,31.5,30.4,97,97,0,1,19,81515834.0,2:55,Melvin,,,,28,AL,162,63,99,0.389,4.3,5.1,-0.8,0.2,-0.6,69-93,-6,38-44,25-55,11-6,20-30,44-68,19-31,37-66,26-33,9-9,2003
SEA,2005,2725459,33648,28.9,31.4,95,96,0,1,20,87754334.0,2:47,Hargrove,,,,26,AL,162,69,93,0.426,4.3,4.6,-0.3,0.4,0.1,76-86,-7,39-42,30-51,2-5,26-23,47-66,22-27,41-58,28-35,10-8,2004
SEA,2006,2481165,30632,28.6,28.0,97,97,0,2,15,87959833.0,2:47,Hargrove,,,,18,AL,162,78,84,0.481,4.7,4.9,-0.2,0.4,0.2,78-84,0,44-37,34-47,8-8,20-24,59-60,19-24,41-57,37-27,14-4,2005
SEA,2007,2672223,32588,29.8,28.1,96,97,0,2,10,106460833.0,2:49,Hargrove and McLaren,,,,9,AL,162,88,74,0.543,4.9,5.0,-0.1,0.3,0.2,79-83,9,49-33,39-41,5-2,27-20,60-61,28-13,32-41,56-33,9-9,2006
SEA,2008,2329702,28762,29.6,28.5,96,97,0,1,11,117666482.0,2:47,McLaren and Riggleman,,,,29,AL,162,61,101,0.377,4.1,5.0,-0.9,0.3,-0.5,67-95,-6,35-46,26-55,5-7,18-30,40-70,21-31,31-52,30-49,9-9,2007
SEA,2009,2195533,27105,29.8,27.4,94,95,0,2,7,100134166.0,2:46,Wakamatsu,,,,14,AL,162,85,77,0.525,4.0,4.3,-0.3,0.3,0.0,75-87,10,48-33,37-44,9-7,35-20,57-47,28-30,43-47,42-30,11-7,2008
SEA,2010,2085630,25749,29.4,27.1,93,95,0,2,11,86510000.0,2:43,Wakamatsu and Brown,,,,29,AL,162,61,101,0.377,3.2,4.3,-1.1,0.2,-0.9,59-103,2,35-46,26-55,3-11,21-28,47-65,14-36,40-72,21-29,9-9,2009
SEA,2011,1896321,23411,29.2,26.8,90,92,0,3,9,86110600.0,2:46,Wedge,,,,28,AL,162,67,95,0.414,3.4,4.2,-0.7,0.3,-0.5,67-95,0,39-45,28-50,6-5,26-28,54-67,13-28,34-57,33-38,9-9,2010
SEA,2012,1721920,21258,27.1,27.9,92,93,0,1,9,78235600.0,2:56,Wedge,,,,20,AL,162,75,87,0.463,3.8,4.0,-0.2,0.3,0.1,77-85,-2,40-41,35-46,5-10,25-28,50-55,25-32,42-67,33-20,8-10,2011
SEA,2013,1761546,21747,28.5,28.0,92,92,0,2,6,78887000.0,3:04,Wedge,,,,25,AL,162,71,91,0.438,3.9,4.7,-0.8,0.1,-0.7,67-95,4,36-45,35-46,6-15,19-29,49-62,22-29,40-55,31-36,8-12,2012
SEA,2014,2064334,25486,27.6,29.0,95,95,0,4,8,95471000.0,2:59,McClendon,35.0,20.0,57%,11,AL,162,87,75,0.537,3.9,3.4,0.5,0.2,0.7,91-71,-4,41-40,46-35,4-7,18-27,55-52,32-23,45-35,42-40,9-11,2013
SFG,2000,3318800,40973,29.9,28.5,93,92,0,2,10,53737826.0,3:01,Baker,,,,1,NL,162,97,65,0.599,5.7,4.6,1.1,-0.1,1.0,97-65,0,55-26,42-39,7-5,18-22,78-45,19-20,43-42,54-23,8-7,1999
SFG,2001,3311958,40888,31.5,29.2,93,91,0,3,13,63280167.0,3:06,Baker,,,,8,NL,162,90,72,0.556,4.9,4.6,0.3,0.2,0.5,86-76,4,49-32,41-40,6-9,28-22,69-59,21-13,41-43,49-29,10-5,2000
SFG,2002,3253203,40163,32.1,29.2,95,94,0,3,12,78299835.0,3:02,Baker,,,,7,NL,162,95,66,0.59,4.8,3.8,1.0,-0.1,1.0,98-63,-3,50-31,45-35,8-1,28-22,74-48,21-18,37-34,58-32,8-10,2001
SFG,2003,3264898,40307,32.1,28.6,99,98,0,2,12,82852167.0,2:52,Alou,,,,3,NL,161,100,61,0.621,4.7,4.0,0.7,-0.1,0.6,93-68,7,57-24,43-37,9-3,28-12,74-50,26-11,57-39,43-22,10-8,2002
SFG,2004,3256854,39718,31.6,30.1,101,101,0,2,8,82019166.0,2:55,Alou,,,,9,NL,162,91,71,0.562,5.2,4.8,0.5,-0.2,0.3,88-74,3,47-35,44-36,8-10,18-25,59-53,32-18,44-41,47-30,11-7,2003
SFG,2005,3181023,39272,32.2,30.0,101,101,0,1,11,90199500.0,2:46,Alou,,,,21,NL,162,75,87,0.463,4.0,4.6,-0.6,-0.4,-1.0,71-91,4,37-44,38-43,4-7,27-25,51-67,24-20,30-50,45-37,6-12,2004
SFG,2006,3130313,38646,33.6,28.7,100,100,0,1,14,90056419.0,2:46,Alou,,,,21,NL,161,76,85,0.472,4.6,4.9,-0.3,-0.2,-0.5,76-85,0,43-38,33-47,6-7,23-22,61-63,15-22,33-37,43-48,8-7,2005
SFG,2007,3223215,39793,32.7,27.3,101,101,0,1,14,90219056.0,2:50,Bochy,,,,25,NL,162,71,91,0.438,4.2,4.4,-0.2,-0.1,-0.3,77-85,-6,39-42,32-49,6-15,24-28,49-65,22-26,48-70,23-21,5-10,2006
SFG,2008,2863837,35356,29.6,27.1,102,102,0,2,12,76594500.0,2:53,Bochy,,,,24,NL,162,72,90,0.444,4.0,4.7,-0.7,-0.4,-1.1,68-94,4,37-44,35-46,10-5,31-21,56-59,16-31,33-55,39-35,6-12,2007
SFG,2009,2862110,35335,29.0,28.7,102,101,1,2,15,85444450.0,2:49,Bochy,,,,8,NL,162,88,74,0.543,4.1,3.8,0.3,-0.2,0.1,86-76,2,52-29,36-45,9-7,21-22,65-53,23-21,39-40,49-34,9-6,2008
SFG,2010,3037443,37499,29.6,27.9,97,97,0,2,11,98641333.0,2:52,Bochy,,,,5,NL,162,92,70,0.568,4.3,3.6,0.7,-0.1,0.6,94-68,-2,49-32,43-38,11-8,28-24,68-50,24-20,33-41,59-29,7-8,2009
SFG,2011,3387303,41819,30.2,28.5,92,91,0,5,13,124198333.0,2:54,Bochy,,,,12,NL,162,86,76,0.531,3.5,3.6,0.0,-0.1,-0.2,80-82,6,46-35,40-41,13-8,33-22,60-58,26-18,32-34,54-42,10-5,2010
SFG,2012,3377371,41696,27.8,30.0,89,89,0,4,13,117637350.0,3:02,Bochy,,,,4,NL,162,94,68,0.58,4.4,4.0,0.4,-0.2,0.2,88-74,6,48-33,46-35,8-5,30-20,54-49,40-19,44-42,50-26,7-8,2011
SFG,2013,3369106,41087,28.7,29.6,93,92,0,4,10,139845667.0,3:05,Bochy,,,,19,NL,162,76,86,0.469,3.9,4.3,-0.4,-0.1,-0.5,74-88,2,42-40,34-46,8-10,28-28,52-55,24-31,41-46,35-40,6-14,2012
SFG,2014,3368697,41589,28.6,31.7,95,95,0,3,12,163510167.0,3:05,Bochy,35.0,22.0,62%,8,NL,162,88,74,0.543,4.1,3.8,0.3,-0.2,0.1,87-75,1,45-36,43-38,9-4,18-22,58-44,30-30,27-31,61-43,10-10,2013
STL,2000,3336493,41191,29.7,29.3,101,101,0,4,16,61653863.0,3:01,La Russa,,,,2,NL,162,95,67,0.586,5.5,4.8,0.7,-0.1,0.6,91-71,4,50-31,45-36,5-2,28-16,78-44,17-23,33-37,62-30,7-8,1999
STL,2001,3109578,37922,28.8,29.3,100,99,0,2,13,79373333.0,2:57,La Russa,,,,5,NL,162,93,69,0.574,5.0,4.2,0.8,-0.2,0.6,94-68,-1,54-28,39-41,2-7,15-21,77-54,16-15,43-35,50-34,8-7,2000
STL,2002,3011756,37182,29.0,30.2,98,97,0,1,14,74660875.0,2:56,La Russa,,,,6,NL,162,97,65,0.599,4.9,4.0,0.9,-0.2,0.6,95-67,2,52-29,45-36,5-5,22-19,76-49,21-16,32-23,65-42,8-4,2001
STL,2003,2910386,35931,29.9,31.2,97,96,0,5,12,83786666.0,2:54,La Russa,,,,15,NL,162,85,77,0.525,5.4,4.9,0.5,-0.1,0.4,88-74,-3,48-33,37-44,7-6,14-25,66-60,19-17,42-50,43-27,10-8,2002
STL,2004,3048427,37635,30.6,30.1,99,98,0,3,15,84340333.0,2:52,La Russa,,,,1,NL,162,105,57,0.648,5.3,4.1,1.2,-0.1,1.1,100-62,5,53-28,52-29,9-4,29-20,79-44,26-13,46-33,59-24,11-1,2003
STL,2005,3538988,43691,30.8,29.7,101,100,0,6,14,92106833.0,2:48,La Russa,,,,1,NL,162,100,62,0.617,5.0,3.9,1.1,-0.3,0.7,98-64,2,50-31,50-31,5-3,21-25,68-42,32-20,47-30,53-32,10-5,2004
STL,2006,3407104,42589,29.6,28.6,99,99,0,4,12,88891371.0,2:51,La Russa,,,,13,NL,161,83,78,0.515,4.9,4.7,0.1,-0.5,-0.4,82-79,1,49-31,34-47,5-6,22-27,60-44,23-34,21-26,62-52,5-10,2005
STL,2007,3552180,43854,30.2,29.6,99,99,0,1,13,90286823.0,2:54,La Russa,,,,18,NL,162,78,84,0.481,4.5,5.1,-0.6,-0.3,-1.0,71-91,7,43-38,35-46,7-4,16-20,49-57,29-27,37-50,41-34,6-9,2006
STL,2008,3432917,42382,28.8,30.2,98,98,0,2,12,99624449.0,2:54,La Russa,,,,12,NL,162,86,76,0.531,4.8,4.5,0.3,-0.3,0.0,86-76,0,46-35,40-41,6-12,24-28,59-47,27-29,43-44,43-32,7-8,2007
STL,2009,3343252,41275,28.5,30.1,98,97,1,3,11,90928409.0,2:48,La Russa,,,,7,NL,162,91,71,0.562,4.5,4.0,0.6,-0.4,0.1,91-71,0,46-35,45-36,5-6,24-21,63-50,28-21,28-32,63-39,9-6,2008
STL,2010,3301218,40756,28.8,30.2,97,96,0,5,14,93540751.0,2:52,La Russa,,,,12,NL,162,86,76,0.531,4.5,4.0,0.6,-0.3,0.3,91-71,-5,52-29,34-47,6-8,20-22,60-48,26-28,37-23,49-53,9-6,2009
STL,2011,3093954,38197,29.3,30.2,98,97,0,3,14,105433572.0,2:55,La Russa,,,,8,NL,162,90,72,0.556,4.7,4.3,0.4,-0.2,0.2,88-74,2,45-36,45-36,8-13,26-23,71-52,19-20,30-30,60-42,8-7,2010
STL,2012,3262109,40273,29.2,28.6,98,96,0,6,14,112071000.0,3:01,Matheny,,,,12,NL,162,88,74,0.543,4.7,4.0,0.7,-0.3,0.4,93-69,-5,50-31,38-43,6-12,21-26,57-57,31-17,39-40,49-34,8-7,2011
STL,2013,3369769,41602,28.7,26.9,101,100,0,6,11,112583000.0,3:01,Matheny,,,,2,NL,162,97,65,0.599,4.8,3.7,1.2,-0.1,1.0,101-61,-4,54-27,43-38,6-6,20-16,78-42,19-23,39-36,58-29,10-10,2012
STL,2014,3540649,43712,28.6,27.2,101,100,0,4,11,129932500.0,3:03,Matheny,32.0,13.0,40%,5,NL,162,90,72,0.556,3.8,3.7,0.1,-0.2,-0.1,83-79,7,51-30,39-42,7-6,32-23,69-54,21-18,39-33,51-39,8-12,2013
TBD,2000,1449673,18121,30.1,29.3,98,100,0,1,10,63265129.0,2:58,Rothschild,,,,25,AL,161,69,92,0.429,4.6,5.2,-0.7,0.1,-0.6,70-91,-1,36-44,33-48,9-5,26-26,58-67,11-25,36-59,33-33,9-9,1999
TBD,2001,1298365,16029,28.0,26.9,97,99,0,1,6,56980000.0,2:52,Rothschild and McRae,,,,29,AL,162,62,100,0.383,4.1,5.5,-1.3,0.0,-1.3,61-101,1,37-44,25-56,5-5,17-19,49-77,13-23,31-54,31-46,10-8,2000
TBD,2002,1065742,13157,27.0,26.9,97,99,0,1,6,34380000.0,2:51,McRae,,,,30,AL,161,55,106,0.342,4.2,5.7,-1.5,0.3,-1.2,58-103,-3,30-51,25-55,9-10,17-28,47-85,8-21,21-63,34-43,7-11,2001
TBD,2003,1058695,13070,26.4,26.4,95,97,0,1,4,19630000.0,2:45,Piniella,,,,29,AL,162,63,99,0.389,4.4,5.3,-0.8,0.2,-0.7,68-94,-5,36-45,27-54,7-7,23-28,46-70,17-29,39-67,24-32,3-15,2002
TBD,2004,1274911,15936,28.1,27.5,96,97,0,1,8,29856667.0,2:46,Piniella,,,,23,AL,161,70,91,0.435,4.4,5.2,-0.8,0.1,-0.7,68-93,2,41-39,29-52,6-7,17-19,45-70,25-21,30-60,40-31,15-3,2003
TBD,2005,1141669,14095,27.5,27.4,98,100,0,1,6,29679067.0,2:48,Piniella,,,,27,AL,162,67,95,0.414,4.6,5.8,-1.1,0.4,-0.7,65-97,2,40-41,27-54,5-4,29-25,47-63,20-32,37-53,30-42,3-15,2004
TBD,2006,1368950,16901,27.3,27.0,99,100,0,1,7,34917967.0,2:48,Maddon,,,,30,AL,162,61,101,0.377,4.3,5.3,-1.0,0.4,-0.6,65-97,-4,41-40,20-61,5-7,17-22,44-72,17-29,34-63,27-38,11-7,2005
TBD,2007,1387603,17131,26.1,26.9,98,100,0,1,9,24123500.0,3:00,Maddon,,,,30,AL,162,66,96,0.407,4.8,5.8,-1.0,0.5,-0.5,67-95,-1,37-44,29-52,8-3,22-21,45-71,21-25,38-60,28-36,7-11,2006
TBR,2008,1811986,22370,27.1,27.5,101,101,0,3,13,44970597.0,3:02,Maddon,,,,3,AL,162,97,65,0.599,4.8,4.1,0.6,0.5,1.1,92-70,5,57-24,40-41,10-6,29-18,72-41,25-24,55-46,42-19,12-6,2007
TBR,2009,1874962,23148,28.0,28.4,98,97,0,5,13,67270334.0,3:01,Maddon,,,,15,AL,162,84,78,0.518,5.0,4.7,0.3,0.3,0.6,86-76,-2,52-29,32-49,6-3,20-25,54-48,30-30,37-47,47-31,13-5,2008
TBR,2010,1864999,23025,27.7,28.0,95,94,0,4,13,71923471.0,3:02,Maddon,,,,2,AL,162,96,66,0.593,5.0,4.0,0.9,0.1,1.1,96-66,0,49-32,47-34,10-5,29-27,60-46,36-20,57-40,39-26,7-11,2009
TBR,2011,1529188,18879,28.3,27.8,93,92,0,3,9,41053571.0,2:58,Maddon,,,,7,AL,162,91,71,0.562,4.4,3.8,0.6,0.2,0.7,91-71,0,47-34,44-37,9-5,26-18,60-52,31-19,46-38,45-33,12-6,2010
TBR,2012,1559681,19255,29.7,28.1,95,94,0,2,9,63368700.0,3:06,Maddon,,,,9,AL,162,90,72,0.556,4.3,3.6,0.7,0.2,0.9,95-67,-5,46-35,44-37,5-7,21-27,63-49,27-23,45-42,45-30,9-9,2011
TBR,2013,1510300,18646,29.6,29.0,97,96,0,2,7,71163500.0,3:11,Maddon,,,,9,AL,163,92,71,0.564,4.3,4.0,0.3,0.1,0.5,87-76,5,51-30,41-41,9-7,26-21,62-48,30-23,48-49,44-22,12-8,2012
TBR,2014,1446464,17858,29.3,28.4,97,97,0,1,7,77814300.0,3:19,Maddon,48.0,21.0,43%,19,AL,162,77,85,0.475,3.8,3.9,-0.1,0.1,0.1,79-83,-2,36-45,41-40,8-10,25-23,57-61,20-24,47-59,30-26,10-10,2013
TEX,2000,2588401,31956,29.4,28.7,101,102,0,1,11,70795921.0,3:06,Oates,,,,24,AL,162,71,91,0.438,5.2,6.0,-0.8,0.2,-0.6,71-91,0,42-39,29-52,5-5,27-25,52-76,19-15,40-63,31-28,7-11,1999
TEX,2001,2831021,34525,29.8,28.5,104,104,0,2,15,88633500.0,3:04,Oates and Narron,,,,21,AL,162,73,89,0.451,5.5,6.0,-0.5,0.3,-0.2,75-87,-2,41-41,32-48,5-8,19-22,59-61,14-28,37-55,36-34,8-10,2000
TEX,2002,2352397,29042,29.0,29.7,106,106,0,1,12,105726122.0,3:05,Narron,,,,23,AL,162,72,90,0.444,5.2,5.4,-0.2,0.2,0.0,78-84,-6,42-39,30-51,6-12,18-26,57-59,15-31,35-64,37-26,9-9,2001
TEX,2003,2094394,25857,28.4,28.1,111,111,0,2,13,103491667.0,2:54,Showalter,,,,23,AL,162,71,91,0.438,5.1,6.0,-0.9,0.2,-0.7,69-93,2,43-38,28-53,5-7,17-20,50-56,21-35,41-65,30-26,4-14,2002
TEX,2004,2513685,31033,27.9,30.6,108,108,0,5,15,55050417.0,2:51,Showalter,,,,12,AL,162,89,73,0.549,5.3,4.9,0.4,0.1,0.5,87-75,2,51-30,38-43,5-4,24-19,60-49,29-24,40-45,49-28,10-8,2003
TEX,2005,2525221,31176,28.1,30.5,106,105,0,4,17,55849000.0,2:51,Showalter,,,,18,AL,162,79,83,0.488,5.3,5.3,0.0,0.4,0.4,82-80,-3,44-37,35-46,7-8,24-29,65-58,14-25,41-58,38-25,9-9,2004
TEX,2006,2388757,29491,28.4,28.3,101,101,0,2,15,68228662.0,2:49,Showalter,,,,16,AL,162,80,82,0.494,5.2,4.8,0.3,0.4,0.7,86-76,-6,39-42,41-40,2-5,17-26,58-59,22-23,46-55,34-27,7-11,2005
TEX,2007,2353862,29060,29.3,27.7,101,101,0,1,13,68643675.0,2:59,Washington,,,,20,AL,162,75,87,0.463,5.0,5.2,-0.2,0.3,0.1,79-83,-4,47-34,28-53,5-9,26-18,53-62,22-25,38-50,37-37,11-7,2006
TEX,2008,1945677,24021,27.7,28.1,101,102,0,4,13,68037326.0,3:02,Washington,,,,18,AL,162,79,83,0.488,5.6,6.0,-0.4,0.3,-0.1,76-86,3,40-41,39-42,5-6,28-18,58-52,21-31,37-54,42-29,10-8,2007
TEX,2009,2156016,26617,27.8,27.7,104,104,0,3,18,79723548.0,2:51,Washington,,,,10,AL,162,87,75,0.537,4.8,4.6,0.3,0.3,0.5,85-77,2,48-33,39-42,6-4,19-18,58-48,29-27,46-44,41-31,9-9,2008
TEX,2010,2505171,30928,28.3,27.6,109,108,0,5,13,56474374.0,2:57,Washington,,,,8,AL,162,90,72,0.556,4.9,4.2,0.6,-0.1,0.6,91-71,-1,51-30,39-42,11-6,30-23,62-49,28-23,39-42,51-30,14-4,2009
TEX,2011,2946949,36382,29.2,28.8,109,108,0,5,14,93799264.0,2:55,Washington,,,,3,AL,162,96,66,0.593,5.3,4.2,1.1,0.1,1.2,98-64,-2,52-29,44-37,4-5,19-24,70-45,26-21,35-37,61-29,9-9,2010
TEX,2012,3460280,42720,29.7,28.8,109,107,0,8,16,124119900.0,3:00,Washington,,,,7,AL,162,93,69,0.574,5.0,4.4,0.6,0.1,0.8,91-71,2,50-31,43-38,8-5,24-22,65-50,28-19,43-43,50-26,14-4,2011
TEX,2013,3178273,38759,29.5,27.9,103,103,0,3,15,139261200.0,3:04,Washington,,,,10,AL,163,91,72,0.558,4.5,3.9,0.6,0.0,0.6,92-71,-1,46-36,45-36,3-9,27-20,59-53,32-19,38-41,53-31,10-10,2012
TEX,2014,2718733,33565,28.4,27.9,101,101,0,2,12,129801239.0,3:06,Washington and Bogar,43.0,22.0,51%,28,AL,162,67,95,0.414,3.9,4.8,-0.8,0.3,-0.5,67-95,0,33-48,34-47,2-5,25-22,45-66,22-29,37-63,30-32,10-10,2013
TOR,2000,1705712,21058,28.2,28.9,103,103,0,3,12,46038332.0,3:00,Fregosi,,,,14,AL,162,83,79,0.512,5.3,5.6,-0.3,0.0,-0.2,77-85,6,45-36,38-43,2-6,21-19,64-55,19-24,39-45,44-34,9-9,1999
TOR,2001,1915438,23359,28.3,28.5,102,102,0,1,13,76895999.0,2:59,Martinez,,,,17,AL,162,80,82,0.494,4.7,4.6,0.1,-0.1,0.0,82-80,-2,40-42,40-40,10-6,28-21,64-62,16-20,37-47,43-35,8-10,2000
TOR,2002,1637900,20221,27.2,27.4,104,103,0,1,11,76864333.0,2:55,Martinez and Tosca,,,,18,AL,162,78,84,0.481,5.0,5.1,-0.1,0.2,0.1,80-82,-2,42-39,36-45,4-8,23-21,62-60,16-24,35-58,43-26,9-9,2001
TOR,2003,1799458,22216,28.4,29.0,104,104,0,3,6,51269000.0,2:51,Tosca,,,,12,AL,162,86,76,0.531,5.5,5.1,0.4,0.0,0.4,87-75,-1,41-40,45-36,4-4,14-23,60-58,26-18,40-45,46-31,10-8,2002
TOR,2004,1900041,23457,28.0,28.6,104,104,0,1,8,50017000.0,2:45,Tosca and Gibbons,,,,25,AL,161,67,94,0.416,4.5,5.1,-0.6,0.1,-0.5,71-90,-4,40-41,27-53,4-7,17-22,47-65,20-29,32-55,35-39,8-10,2003
TOR,2005,2014995,24876,28.0,28.2,102,102,0,2,8,45719500.0,2:46,Gibbons,,,,17,AL,162,80,82,0.494,4.8,4.4,0.4,0.2,0.7,88-74,-8,43-38,37-44,4-6,16-31,57-58,23-24,39-46,41-36,8-10,2004
TOR,2006,2302212,28422,28.6,28.1,100,100,0,5,10,71365000.0,2:52,Gibbons,,,,10,AL,162,87,75,0.537,5.0,4.7,0.3,0.3,0.6,86-76,1,50-31,37-44,7-1,20-10,59-56,28-19,45-40,42-35,9-9,2005
TOR,2007,2360644,29144,30.3,27.3,100,99,1,1,9,81942800.0,2:52,Gibbons,,,,15,AL,162,83,79,0.512,4.6,4.3,0.3,0.3,0.7,87-75,-4,49-32,34-47,8-9,29-25,57-62,26-17,38-39,45-40,10-8,2006
TOR,2008,2399786,29627,30.9,28.6,97,97,1,1,12,97793900.0,2:51,Gibbons and Gaston,,,,13,AL,162,86,76,0.531,4.4,3.8,0.6,0.4,1.1,93-69,-7,47-34,39-42,6-9,24-32,66-53,20-23,45-48,41-28,8-10,2007
TOR,2009,1876129,23162,29.9,28.4,100,99,0,2,12,83964500.0,2:56,Gaston,,,,21,AL,162,75,87,0.463,4.9,4.8,0.2,0.4,0.5,84-78,-9,44-37,31-50,7-13,21-28,53-59,22-28,44-63,31-24,7-11,2008
TOR,2010,1495482,19173,29.3,28.0,102,101,0,3,8,62734000.0,2:48,Gaston,,,,13,AL,162,85,77,0.525,4.7,4.5,0.2,0.3,0.4,84-78,1,45-33,40-44,5-6,24-28,72-54,13-23,56-55,29-22,7-11,2009
TOR,2011,1818103,22446,28.4,27.6,104,104,0,2,6,64567800.0,2:55,Farrell,,,,14,AL,162,81,81,0.5,4.6,4.7,-0.1,0.3,0.2,79-83,2,42-39,39-42,13-4,29-28,58-62,23-19,38-51,43-30,8-10,2010
TOR,2012,2099663,25922,27.9,27.8,102,103,0,1,8,82352700.0,2:58,Farrell,,,,22,AL,162,73,89,0.451,4.4,4.8,-0.4,0.3,-0.1,74-88,-1,41-40,32-49,7-6,15-25,52-62,21-27,40-68,33-21,9-9,2011
TOR,2013,2536562,31316,29.1,30.9,102,103,0,4,10,124517800.0,2:55,Gibbons,,,,22,AL,162,74,88,0.457,4.4,4.7,-0.3,0.2,0.0,77-85,-3,40-41,34-47,8-9,20-29,55-64,19-24,51-68,23-20,11-9,2012
TOR,2014,2375525,29327,29.2,29.6,102,102,0,3,9,136466200.0,3:01,Gibbons,47.0,16.0,34%,14,AL,162,83,79,0.512,4.5,4.2,0.2,0.1,0.3,85-77,-2,46-35,37-44,5-8,15-20,63-60,20-19,41-47,42-32,13-7,2013
WSN,2005,2731993,33728,29.3,28.9,95,96,0,2,14,48581500.0,2:55,Robinson,,,,16,NL,162,81,81,0.5,3.9,4.2,-0.2,0.0,-0.2,77-85,4,41-40,40-41,6-11,30-31,58-58,23-23,48-60,33-21,12-6,2004
WSN,2006,2153056,26581,28.5,28.9,94,95,0,1,10,63143000.0,2:57,Robinson,,,,25,NL,162,71,91,0.438,4.6,5.4,-0.8,-0.2,-1.0,70-92,1,41-40,30-51,7-6,23-20,47-68,24-23,28-45,43-46,7-11,2005
WSN,2007,1943812,23998,27.9,27.5,94,95,0,1,9,36947500.0,2:55,Acta,,,,21,NL,162,73,89,0.451,4.2,4.8,-0.7,-0.2,-0.8,70-92,3,40-41,33-48,5-9,27-24,48-65,25-24,35-67,38-22,9-9,2006
WSN,2008,2320400,29005,27.7,27.3,98,100,0,1,12,54961000.0,2:50,Acta,,,,30,NL,161,59,102,0.366,4.0,5.1,-1.1,-0.2,-1.4,62-99,-3,34-46,25-56,7-7,20-29,37-66,22-36,29-68,30-34,8-10,2007
WSN,2009,1817226,22435,28.4,27.4,99,101,0,1,10,64384000.0,2:55,Acta and Riggleman,,,,30,NL,162,59,103,0.364,4.4,5.4,-1.0,-0.1,-1.1,66-96,-7,33-48,26-55,6-9,22-24,49-80,10-23,27-67,32-36,7-11,2008
WSN,2010,1828066,22569,29.1,28.0,99,100,0,1,11,67701000.0,2:57,Riggleman,,,,25,NL,162,69,93,0.426,4.0,4.6,-0.5,0.0,-0.5,72-90,-3,41-40,28-53,3-10,20-28,52-70,17-23,30-45,39-48,5-13,2009
WSN,2011,1940478,24256,28.4,27.6,100,100,0,1,9,68492928.0,2:57,"Riggleman, McLaren and Johnson",,,,15,NL,161,80,81,0.497,3.9,4.0,-0.1,-0.1,-0.2,78-83,2,44-36,36-45,12-8,27-27,61-64,19-17,35-37,45-44,8-7,2010
WSN,2012,2370794,29269,27.2,27.0,101,101,0,4,13,92386000.0,3:03,Johnson,,,,1,NL,162,98,64,0.605,4.5,3.7,0.8,-0.2,0.7,96-66,2,50-31,48-33,13-7,27-21,69-45,29-19,48-40,50-24,10-8,2011
WSN,2013,2652422,32746,27.7,27.7,103,101,0,2,12,112493250.0,2:57,Johnson,,,,12,NL,162,86,76,0.531,4.0,3.9,0.2,-0.2,0.0,84-78,2,47-34,39-42,7-8,28-24,60-56,26-20,24-41,62-35,11-9,2012
WSN,2014,2579389,31844,28.8,28.3,104,102,0,2,12,137235080.0,3:05,Williams,31.0,20.0,64%,3,NL,162,96,66,0.593,4.2,3.4,0.8,-0.2,0.7,97-65,-1,51-30,45-36,8-9,26-22,68-49,28-17,23-23,73-43,10-10,2013
